Name;Long;Lat;ModuleName;ModuleType
Indoor;2.0683770179749;47.851787567139;Exterieur;Outdoor
Timestamp;"Timezone : Europe/Paris";Temperature;Humidity
1577838600;"2020/01/01 01:30:00";1.7;100
1577849400;"2020/01/01 04:30:00";1.8;100
1577860200;"2020/01/01 07:30:00";2;100
1577871000;"2020/01/01 10:30:00";3.2;100
1577881800;"2020/01/01 13:30:00";5.4;100
1577892600;"2020/01/01 16:30:00";6.6;100
1577903400;"2020/01/01 19:30:00";6.7;100
1577914200;"2020/01/01 22:30:00";7;100
1577925000;"2020/01/02 01:30:00";7.2;100
1577935800;"2020/01/02 04:30:00";7.4;100
1577946600;"2020/01/02 07:30:00";7.5;100
1577957400;"2020/01/02 10:30:00";7.8;100
1577968200;"2020/01/02 13:30:00";8.6;100
1577979000;"2020/01/02 16:30:00";8.4;100
1577989800;"2020/01/02 19:30:00";8.3;100
1578000600;"2020/01/02 22:30:00";8.2;100
1578011400;"2020/01/03 01:30:00";7.3;100
1578022200;"2020/01/03 04:30:00";7.3;99
1578033000;"2020/01/03 07:30:00";7.6;100
1578043800;"2020/01/03 10:30:00";8.7;100
1578054600;"2020/01/03 13:30:00";10.5;100
1578065400;"2020/01/03 16:30:00";10;100
1578076200;"2020/01/03 19:30:00";9.8;100
1578087000;"2020/01/03 22:30:00";8.5;100
1578097800;"2020/01/04 01:30:00";6.9;100
1578108600;"2020/01/04 04:30:00";5.6;100
1578119400;"2020/01/04 07:30:00";4;100
1578130200;"2020/01/04 10:30:00";4.5;100
1578141000;"2020/01/04 13:30:00";7.1;97
1578151800;"2020/01/04 16:30:00";7.5;94
1578162600;"2020/01/04 19:30:00";6.9;97
1578173400;"2020/01/04 22:30:00";6.6;98
1578184200;"2020/01/05 01:30:00";6.3;99
1578195000;"2020/01/05 04:30:00";6.2;100
1578205800;"2020/01/05 07:30:00";6.1;100
1578216600;"2020/01/05 10:30:00";6.5;100
1578227400;"2020/01/05 13:30:00";8;92
1578238200;"2020/01/05 16:30:00";7.4;87
1578249000;"2020/01/05 19:30:00";5.5;91
1578259800;"2020/01/05 22:30:00";3;95
1578270600;"2020/01/06 01:30:00";2.1;96
1578281400;"2020/01/06 04:30:00";1.3;98
1578292200;"2020/01/06 07:30:00";0.7;99
1578303000;"2020/01/06 10:30:00";2.8;97
1578313800;"2020/01/06 13:30:00";7;86
1578324600;"2020/01/06 16:30:00";7.7;84
1578335400;"2020/01/06 19:30:00";6.1;93
1578346200;"2020/01/06 22:30:00";6.5;96
1578357000;"2020/01/07 01:30:00";6.5;99
1578367800;"2020/01/07 04:30:00";6.6;100
1578378600;"2020/01/07 07:30:00";6.4;100
1578389400;"2020/01/07 10:30:00";6.7;100
1578400200;"2020/01/07 13:30:00";7.8;100
1578411000;"2020/01/07 16:30:00";8.6;100
1578421800;"2020/01/07 19:30:00";8.7;100
1578432600;"2020/01/07 22:30:00";9.1;100
1578443400;"2020/01/08 01:30:00";9.8;100
1578454200;"2020/01/08 04:30:00";10.4;100
1578465000;"2020/01/08 07:30:00";10.6;100
1578475800;"2020/01/08 10:30:00";10.8;100
1578486600;"2020/01/08 13:30:00";11.2;100
1578497400;"2020/01/08 16:30:00";11.1;100
1578508200;"2020/01/08 19:30:00";10.6;100
1578519000;"2020/01/08 22:30:00";10.7;100
1578529800;"2020/01/09 01:30:00";10.7;100
1578540600;"2020/01/09 04:30:00";10.8;100
1578551400;"2020/01/09 07:30:00";10.7;100
1578562200;"2020/01/09 10:30:00";10.9;99
1578573000;"2020/01/09 13:30:00";11.6;93
1578583800;"2020/01/09 16:30:00";11.5;91
1578594600;"2020/01/09 19:30:00";9.8;100
1578605400;"2020/01/09 22:30:00";9.3;100
1578616200;"2020/01/10 01:30:00";9.3;99
1578627000;"2020/01/10 04:30:00";8.9;100
1578637800;"2020/01/10 07:30:00";8.4;100
1578648600;"2020/01/10 10:30:00";7.6;98
1578659400;"2020/01/10 13:30:00";7.9;94
1578670200;"2020/01/10 16:30:00";7.9;94
1578681000;"2020/01/10 19:30:00";7.4;94
1578691800;"2020/01/10 22:30:00";5.9;97
1578702600;"2020/01/11 01:30:00";5.9;98
1578713400;"2020/01/11 04:30:00";4.7;97
1578724200;"2020/01/11 07:30:00";3.1;99
1578735000;"2020/01/11 10:30:00";4.7;96
1578745800;"2020/01/11 13:30:00";8.2;76
1578756600;"2020/01/11 16:30:00";7.2;82
1578767400;"2020/01/11 19:30:00";4;93
1578778200;"2020/01/11 22:30:00";2.6;96
1578789000;"2020/01/12 01:30:00";2;98
1578799800;"2020/01/12 04:30:00";2.2;98
1578810600;"2020/01/12 07:30:00";3.8;97
1578821400;"2020/01/12 10:30:00";5.6;95
1578832200;"2020/01/12 13:30:00";7.6;94
1578843000;"2020/01/12 16:30:00";7.2;100
1578853800;"2020/01/12 19:30:00";7.2;100
1578864600;"2020/01/12 22:30:00";7.5;100
1578875400;"2020/01/13 01:30:00";7.5;100
1578886200;"2020/01/13 04:30:00";7.2;100
1578897000;"2020/01/13 07:30:00";6.9;100
1578907800;"2020/01/13 10:30:00";7.3;100
1578918600;"2020/01/13 13:30:00";8.7;100
1578929400;"2020/01/13 16:30:00";9.4;100
1578940200;"2020/01/13 19:30:00";9.2;95
1578951000;"2020/01/13 22:30:00";9;82
1578961800;"2020/01/14 01:30:00";8.5;75
1578972600;"2020/01/14 04:30:00";8.7;75
1579005000;"2020/01/14 13:30:00";10.8;77
1579015800;"2020/01/14 16:30:00";11.7;67
1579026600;"2020/01/14 19:30:00";10.1;82
1579037400;"2020/01/14 22:30:00";9.9;84
1579048200;"2020/01/15 01:30:00";9.5;84
1579059000;"2020/01/15 04:30:00";8.2;86
1579069800;"2020/01/15 07:30:00";8.3;85
1579080600;"2020/01/15 10:30:00";10.3;79
1579091400;"2020/01/15 13:30:00";13.3;71
1579102200;"2020/01/15 16:30:00";13;75
1579113000;"2020/01/15 19:30:00";11.6;82
1579123800;"2020/01/15 22:30:00";9.3;90
1579134600;"2020/01/16 01:30:00";5.8;95
1579145400;"2020/01/16 04:30:00";4.8;99
1579156200;"2020/01/16 07:30:00";5.2;100
1579167000;"2020/01/16 10:30:00";8.8;95
1579177800;"2020/01/16 13:30:00";14;72
1579188600;"2020/01/16 16:30:00";14.1;68
1579199400;"2020/01/16 19:30:00";10.3;82
1579210200;"2020/01/16 22:30:00";9;86
1579221000;"2020/01/17 01:30:00";10.7;78
1579231800;"2020/01/17 04:30:00";9.8;85
1579242600;"2020/01/17 07:30:00";8.2;99
1579253400;"2020/01/17 10:30:00";9.1;100
1579264200;"2020/01/17 13:30:00";10.5;88
1579275000;"2020/01/17 16:30:00";9.8;77
1579285800;"2020/01/17 19:30:00";7.7;83
1579296600;"2020/01/17 22:30:00";6;87
1579307400;"2020/01/18 01:30:00";4.4;92
1579318200;"2020/01/18 04:30:00";3.7;94
1579329000;"2020/01/18 07:30:00";2.9;96
1579339800;"2020/01/18 10:30:00";4.7;95
1579350600;"2020/01/18 13:30:00";7.4;89
1579361400;"2020/01/18 16:30:00";7.7;87
1579372200;"2020/01/18 19:30:00";5.5;92
1579383000;"2020/01/18 22:30:00";4.1;96
1579393800;"2020/01/19 01:30:00";3.2;96
1579404600;"2020/01/19 04:30:00";1.9;97
1579415400;"2020/01/19 07:30:00";1.4;98
1579426200;"2020/01/19 10:30:00";3;97
1579437000;"2020/01/19 13:30:00";5.9;88
1579447800;"2020/01/19 16:30:00";5.8;84
1579458600;"2020/01/19 19:30:00";4.9;87
1579469400;"2020/01/19 22:30:00";4.7;90
1579480200;"2020/01/20 01:30:00";3.7;92
1579491000;"2020/01/20 04:30:00";2.6;94
1579501800;"2020/01/20 07:30:00";1.7;95
1579512600;"2020/01/20 10:30:00";3.4;92
1579523400;"2020/01/20 13:30:00";6;78
1579534200;"2020/01/20 16:30:00";5.7;76
1579545000;"2020/01/20 19:30:00";3.6;83
1579555800;"2020/01/20 22:30:00";2.3;89
1579566600;"2020/01/21 01:30:00";1.2;92
1579577400;"2020/01/21 04:30:00";0.3;94
1579588200;"2020/01/21 07:30:00";-0.5;95
1579599000;"2020/01/21 10:30:00";1.5;92
1579609800;"2020/01/21 13:30:00";4.4;82
1579620600;"2020/01/21 16:30:00";4.6;81
1579631400;"2020/01/21 19:30:00";2.6;87
1579642200;"2020/01/21 22:30:00";0.9;91
1579653000;"2020/01/22 01:30:00";-0.2;93
1579663800;"2020/01/22 04:30:00";-0.8;94
1579674600;"2020/01/22 07:30:00";-1.2;96
1579685400;"2020/01/22 10:30:00";0.4;95
1579696200;"2020/01/22 13:30:00";4.2;85
1579707000;"2020/01/22 16:30:00";4;82
1579717800;"2020/01/22 19:30:00";1.9;88
1579728600;"2020/01/22 22:30:00";0.8;93
1579739400;"2020/01/23 01:30:00";0.1;94
1579750200;"2020/01/23 04:30:00";-0.3;95
1579761000;"2020/01/23 07:30:00";-0.7;94
1579771800;"2020/01/23 10:30:00";0.4;93
1579782600;"2020/01/23 13:30:00";3.6;84
1579793400;"2020/01/23 16:30:00";3.3;86
1579804200;"2020/01/23 19:30:00";1.6;90
1579815000;"2020/01/23 22:30:00";0.8;94
1579825800;"2020/01/24 01:30:00";0.2;95
1579836600;"2020/01/24 04:30:00";-0.4;96
1579847400;"2020/01/24 07:30:00";-1;96
1579858200;"2020/01/24 10:30:00";0.7;96
1579869000;"2020/01/24 13:30:00";5.8;88
1579879800;"2020/01/24 16:30:00";6.4;92
1579890600;"2020/01/24 19:30:00";3.9;94
1579901400;"2020/01/24 22:30:00";1.9;95
1579912200;"2020/01/25 01:30:00";0.7;95
1579923000;"2020/01/25 04:30:00";-0.1;97
1579933800;"2020/01/25 07:30:00";-0.1;97
1579944600;"2020/01/25 10:30:00";1.2;100
1579955400;"2020/01/25 13:30:00";4.1;100
1579966200;"2020/01/25 16:30:00";6.2;98
1579977000;"2020/01/25 19:30:00";4.7;99
1579987800;"2020/01/25 22:30:00";3;99
1579998600;"2020/01/26 01:30:00";1.8;99
1580009400;"2020/01/26 04:30:00";2;100
1580020200;"2020/01/26 07:30:00";1.8;100
1580031000;"2020/01/26 10:30:00";4.1;100
1580041800;"2020/01/26 13:30:00";8.1;99
1580052600;"2020/01/26 16:30:00";9.3;92
1580063400;"2020/01/26 19:30:00";7.4;96
1580074200;"2020/01/26 22:30:00";7.9;98
1580085000;"2020/01/27 01:30:00";8.4;99
1580095800;"2020/01/27 04:30:00";8.4;100
1580106600;"2020/01/27 07:30:00";7.7;100
1580117400;"2020/01/27 10:30:00";7.8;100
1580128200;"2020/01/27 13:30:00";7.8;100
1580139000;"2020/01/27 16:30:00";8.1;100
1580149800;"2020/01/27 19:30:00";8.1;100
1580160600;"2020/01/27 22:30:00";7.6;100
1580171400;"2020/01/28 01:30:00";7.7;98
1580182200;"2020/01/28 04:30:00";6.3;100
1580193000;"2020/01/28 07:30:00";5.4;100
1580203800;"2020/01/28 10:30:00";6.1;95
1580214600;"2020/01/28 13:30:00";7.6;84
1580225400;"2020/01/28 16:30:00";7.6;85
1580236200;"2020/01/28 19:30:00";6;100
1580247000;"2020/01/28 22:30:00";6.3;99
1580257800;"2020/01/29 01:30:00";6;100
1580268600;"2020/01/29 04:30:00";6.2;100
1580279400;"2020/01/29 07:30:00";6.2;100
1580290200;"2020/01/29 10:30:00";7.5;98
1580301000;"2020/01/29 13:30:00";8.6;93
1580311800;"2020/01/29 16:30:00";8.7;91
1580322600;"2020/01/29 19:30:00";6;94
1580333400;"2020/01/29 22:30:00";3.7;98
1580344200;"2020/01/30 01:30:00";4;100
1580355000;"2020/01/30 04:30:00";4;100
1580365800;"2020/01/30 07:30:00";5.9;99
1580376600;"2020/01/30 10:30:00";7.6;100
1580387400;"2020/01/30 13:30:00";10.3;100
1580398200;"2020/01/30 16:30:00";12;100
1580409000;"2020/01/30 19:30:00";11.4;100
1580419800;"2020/01/30 22:30:00";11.5;100
1580430600;"2020/01/31 01:30:00";11.5;100
1580441400;"2020/01/31 04:30:00";11.4;100
1580452200;"2020/01/31 07:30:00";11.2;100
1580463000;"2020/01/31 10:30:00";11.5;100
1580473800;"2020/01/31 13:30:00";12;100
1580484600;"2020/01/31 16:30:00";12;100
1580495400;"2020/01/31 19:30:00";11.8;100
1580506200;"2020/01/31 22:30:00";11.7;100
1580517000;"2020/02/01 01:30:00";12;100
1580527800;"2020/02/01 04:30:00";12.1;99
1580538600;"2020/02/01 07:30:00";11.1;100
1580549400;"2020/02/01 10:30:00";11.5;100
1580560200;"2020/02/01 13:30:00";12.1;100
1580571000;"2020/02/01 16:30:00";12.5;99
1580581800;"2020/02/01 19:30:00";12.3;94
1580592600;"2020/02/01 22:30:00";11.7;96
1580603400;"2020/02/02 01:30:00";11.6;97
1580614200;"2020/02/02 04:30:00";11.2;100
1580625000;"2020/02/02 07:30:00";12.2;100
1580635800;"2020/02/02 10:30:00";13.4;100
1580646600;"2020/02/02 13:30:00";14;100
1580657400;"2020/02/02 16:30:00";13.8;100
1580668200;"2020/02/02 19:30:00";13;100
1580679000;"2020/02/02 22:30:00";12.6;100
1580689800;"2020/02/03 01:30:00";12.5;100
1580700600;"2020/02/03 04:30:00";12.8;100
1580711400;"2020/02/03 07:30:00";12.4;100
1580722200;"2020/02/03 10:30:00";11.3;100
1580733000;"2020/02/03 13:30:00";12.6;100
1580743800;"2020/02/03 16:30:00";13.5;99
1580754600;"2020/02/03 19:30:00";13;94
1580765400;"2020/02/03 22:30:00";12.7;88
1580776200;"2020/02/04 01:30:00";7.4;100
1580787000;"2020/02/04 04:30:00";6.2;100
1580797800;"2020/02/04 07:30:00";5;100
1580808600;"2020/02/04 10:30:00";6.4;100
1580819400;"2020/02/04 13:30:00";7.9;95
1580830200;"2020/02/04 16:30:00";7.8;86
1580841000;"2020/02/04 19:30:00";7;90
1580851800;"2020/02/04 22:30:00";7.1;93
1580862600;"2020/02/05 01:30:00";6.8;96
1580873400;"2020/02/05 04:30:00";6.5;98
1580884200;"2020/02/05 07:30:00";5.7;99
1580895000;"2020/02/05 10:30:00";6.8;97
1580905800;"2020/02/05 13:30:00";8.5;88
1580916600;"2020/02/05 16:30:00";8.4;82
1580927400;"2020/02/05 19:30:00";6;89
1580938200;"2020/02/05 22:30:00";3.9;92
1580949000;"2020/02/06 01:30:00";2.7;94
1580959800;"2020/02/06 04:30:00";1.9;96
1580970600;"2020/02/06 07:30:00";1.3;98
1580981400;"2020/02/06 10:30:00";4.3;89
1580992200;"2020/02/06 13:30:00";9;63
1581003000;"2020/02/06 16:30:00";9.4;49
1581013800;"2020/02/06 19:30:00";6.4;73
1581024600;"2020/02/06 22:30:00";4.6;81
1581035400;"2020/02/07 01:30:00";2.9;86
1581046200;"2020/02/07 04:30:00";1.6;88
1581057000;"2020/02/07 07:30:00";0.9;91
1581067800;"2020/02/07 10:30:00";5.3;86
1581078600;"2020/02/07 13:30:00";11.4;70
1581089400;"2020/02/07 16:30:00";11.4;72
1581100200;"2020/02/07 19:30:00";8.4;85
1581111000;"2020/02/07 22:30:00";7.9;89
1581121800;"2020/02/08 01:30:00";8.4;89
1581132600;"2020/02/08 04:30:00";9;86
1581143400;"2020/02/08 07:30:00";8;89
1581154200;"2020/02/08 10:30:00";9;89
1581165000;"2020/02/08 13:30:00";11.6;79
1581175800;"2020/02/08 16:30:00";11;84
1581186600;"2020/02/08 19:30:00";8.5;99
1581197400;"2020/02/08 22:30:00";7.8;100
1581208200;"2020/02/09 01:30:00";7.6;100
1581219000;"2020/02/09 04:30:00";7.7;100
1581229800;"2020/02/09 07:30:00";7.4;98
1581240600;"2020/02/09 10:30:00";8.9;91
1581251400;"2020/02/09 13:30:00";12.1;83
1581262200;"2020/02/09 16:30:00";11.7;89
1581273000;"2020/02/09 19:30:00";12.2;91
1581283800;"2020/02/09 22:30:00";12.4;99
1581294600;"2020/02/10 01:30:00";12.3;99
1581305400;"2020/02/10 04:30:00";12;86
1581316200;"2020/02/10 07:30:00";9.6;87
1581327000;"2020/02/10 10:30:00";9.5;82
1581337800;"2020/02/10 13:30:00";11.7;71
1581348600;"2020/02/10 16:30:00";12.2;75
1581359400;"2020/02/10 19:30:00";11.6;76
1581370200;"2020/02/10 22:30:00";9.2;92
1581381000;"2020/02/11 01:30:00";6.8;100
1581391800;"2020/02/11 04:30:00";6.3;100
1581402600;"2020/02/11 07:30:00";6.9;100
1581413400;"2020/02/11 10:30:00";7.6;96
1581424200;"2020/02/11 13:30:00";8.7;78
1581435000;"2020/02/11 16:30:00";8.7;71
1581445800;"2020/02/11 19:30:00";6.7;85
1581456600;"2020/02/11 22:30:00";5.4;89
1581467400;"2020/02/12 01:30:00";4;95
1581478200;"2020/02/12 04:30:00";3.3;96
1581489000;"2020/02/12 07:30:00";3.2;98
1581499800;"2020/02/12 10:30:00";6.3;93
1581510600;"2020/02/12 13:30:00";9.2;82
1581521400;"2020/02/12 16:30:00";8.9;79
1581532200;"2020/02/12 19:30:00";6.9;87
1581543000;"2020/02/12 22:30:00";5.9;88
1581553800;"2020/02/13 01:30:00";5.1;92
1581564600;"2020/02/13 04:30:00";6.2;89
1581575400;"2020/02/13 07:30:00";6.6;91
1581586200;"2020/02/13 10:30:00";8.6;99
1581597000;"2020/02/13 13:30:00";9.5;94
1581607800;"2020/02/13 16:30:00";11;78
1581618600;"2020/02/13 19:30:00";7.9;98
1581629400;"2020/02/13 22:30:00";7.8;100
1581640200;"2020/02/14 01:30:00";7.7;100
1581651000;"2020/02/14 04:30:00";7.5;100
1581661800;"2020/02/14 07:30:00";7.2;100
1581672600;"2020/02/14 10:30:00";8.2;100
1581683400;"2020/02/14 13:30:00";10.1;96
1581694200;"2020/02/14 16:30:00";11;86
1581705000;"2020/02/14 19:30:00";9.1;85
1581715800;"2020/02/14 22:30:00";7.3;90
1581726600;"2020/02/15 01:30:00";6.2;94
1581737400;"2020/02/15 04:30:00";5.6;96
1581748200;"2020/02/15 07:30:00";4.9;99
1581759000;"2020/02/15 10:30:00";9.1;89
1581769800;"2020/02/15 13:30:00";13.2;76
1581780600;"2020/02/15 16:30:00";12.9;75
1581791400;"2020/02/15 19:30:00";12.1;79
1581802200;"2020/02/15 22:30:00";12.1;81
1581813000;"2020/02/16 01:30:00";12.6;78
1581823800;"2020/02/16 04:30:00";13;77
1581834600;"2020/02/16 07:30:00";12.5;76
1581845400;"2020/02/16 10:30:00";14.1;73
1581856200;"2020/02/16 13:30:00";17.3;68
1581867000;"2020/02/16 16:30:00";17.5;66
1581877800;"2020/02/16 19:30:00";16.3;73
1581888600;"2020/02/16 22:30:00";11.6;93
1581899400;"2020/02/17 01:30:00";8.7;100
1581910200;"2020/02/17 04:30:00";8;100
1581921000;"2020/02/17 07:30:00";8.1;100
1581931800;"2020/02/17 10:30:00";8.1;100
1581942600;"2020/02/17 13:30:00";10.1;99
1581953400;"2020/02/17 16:30:00";8.6;99
1581964200;"2020/02/17 19:30:00";7.5;99
1581975000;"2020/02/17 22:30:00";6.1;100
1581985800;"2020/02/18 01:30:00";5.6;100
1581996600;"2020/02/18 04:30:00";4.4;99
1582007400;"2020/02/18 07:30:00";3.6;100
1582018200;"2020/02/18 10:30:00";7.1;95
1582029000;"2020/02/18 13:30:00";9.3;86
1582039800;"2020/02/18 16:30:00";9.6;82
1582050600;"2020/02/18 19:30:00";8.7;86
1582061400;"2020/02/18 22:30:00";7.5;91
1582072200;"2020/02/19 01:30:00";7.2;96
1582083000;"2020/02/19 04:30:00";6.4;100
1582093800;"2020/02/19 07:30:00";5.4;100
1582104600;"2020/02/19 10:30:00";6.7;100
1582115400;"2020/02/19 13:30:00";8.1;100
1582126200;"2020/02/19 16:30:00";8.8;99
1582137000;"2020/02/19 19:30:00";8.3;96
1582147800;"2020/02/19 22:30:00";7.9;99
1582158600;"2020/02/20 01:30:00";7.2;100
1582169400;"2020/02/20 04:30:00";7.6;99
1582180200;"2020/02/20 07:30:00";7.6;97
1582191000;"2020/02/20 10:30:00";8.5;91
1582201800;"2020/02/20 13:30:00";10.3;83
1582212600;"2020/02/20 16:30:00";10.8;78
1582223400;"2020/02/20 19:30:00";9.5;92
1582234200;"2020/02/20 22:30:00";6.6;99
1582245000;"2020/02/21 01:30:00";4.5;100
1582255800;"2020/02/21 04:30:00";3.2;100
1582266600;"2020/02/21 07:30:00";1.5;100
1582277400;"2020/02/21 10:30:00";5.8;97
1582288200;"2020/02/21 13:30:00";9.1;82
1582299000;"2020/02/21 16:30:00";9.2;77
1582309800;"2020/02/21 19:30:00";6.4;85
1582320600;"2020/02/21 22:30:00";4.3;91
1582331400;"2020/02/22 01:30:00";3.6;91
1582342200;"2020/02/22 04:30:00";2.5;94
1582353000;"2020/02/22 07:30:00";2.4;96
1582363800;"2020/02/22 10:30:00";6.9;91
1582374600;"2020/02/22 13:30:00";12;79
1582385400;"2020/02/22 16:30:00";12.7;77
1582396200;"2020/02/22 19:30:00";11.7;84
1582407000;"2020/02/22 22:30:00";11;87
1582417800;"2020/02/23 01:30:00";9.8;90
1582428600;"2020/02/23 04:30:00";8.9;94
1582439400;"2020/02/23 07:30:00";8.6;97
1582450200;"2020/02/23 10:30:00";9.2;97
1582461000;"2020/02/23 13:30:00";11.4;92
1582471800;"2020/02/23 16:30:00";12.4;91
1582482600;"2020/02/23 19:30:00";11.6;95
1582493400;"2020/02/23 22:30:00";11.2;97
1582504200;"2020/02/24 01:30:00";10.9;98
1582515000;"2020/02/24 04:30:00";10.3;100
1582525800;"2020/02/24 07:30:00";9.8;100
1582536600;"2020/02/24 10:30:00";9.8;99
1582547400;"2020/02/24 13:30:00";10.7;96
1582558200;"2020/02/24 16:30:00";11.9;85
1582569000;"2020/02/24 19:30:00";10.7;83
1582579800;"2020/02/24 22:30:00";9.6;87
1582590600;"2020/02/25 01:30:00";8.6;97
1582601400;"2020/02/25 04:30:00";8.4;100
1582612200;"2020/02/25 07:30:00";8.6;100
1582623000;"2020/02/25 10:30:00";8.1;100
1582633800;"2020/02/25 13:30:00";9.2;97
1582644600;"2020/02/25 16:30:00";10.4;84
1582655400;"2020/02/25 19:30:00";8.7;86
1582666200;"2020/02/25 22:30:00";5.1;98
1582677000;"2020/02/26 01:30:00";4.4;98
1582687800;"2020/02/26 04:30:00";2.9;98
1582698600;"2020/02/26 07:30:00";2.5;100
1582709400;"2020/02/26 10:30:00";3.4;100
1582720200;"2020/02/26 13:30:00";6.3;94
1582731000;"2020/02/26 16:30:00";5.8;96
1582741800;"2020/02/26 19:30:00";4.4;100
1582752600;"2020/02/26 22:30:00";3.5;100
1582763400;"2020/02/27 01:30:00";2.9;98
1582774200;"2020/02/27 04:30:00";3.6;98
1582785000;"2020/02/27 07:30:00";4.3;100
1582795800;"2020/02/27 10:30:00";7.3;100
1582806600;"2020/02/27 13:30:00";10.2;96
1582817400;"2020/02/27 16:30:00";7.8;87
1582828200;"2020/02/27 19:30:00";6.1;85
1582839000;"2020/02/27 22:30:00";5;90
1582849800;"2020/02/28 01:30:00";3.4;93
1582860600;"2020/02/28 04:30:00";1.3;96
1582871400;"2020/02/28 07:30:00";1.2;100
1582882200;"2020/02/28 10:30:00";4.7;89
1582893000;"2020/02/28 13:30:00";7.9;83
1582903800;"2020/02/28 16:30:00";8.5;95
1582914600;"2020/02/28 19:30:00";9.6;99
1582925400;"2020/02/28 22:30:00";9.6;100
1582936200;"2020/02/29 01:30:00";9.5;99
1582947000;"2020/02/29 04:30:00";8.5;99
1582957800;"2020/02/29 07:30:00";9.7;84
1582968600;"2020/02/29 10:30:00";10.9;85
1582979400;"2020/02/29 13:30:00";9.6;93
1582990200;"2020/02/29 16:30:00";10.6;76
1583001000;"2020/02/29 19:30:00";8.9;77
1583011800;"2020/02/29 22:30:00";7.8;83
1583022600;"2020/03/01 01:30:00";7.3;90
1583033400;"2020/03/01 04:30:00";7;90
1583044200;"2020/03/01 07:30:00";6.3;95
1583055000;"2020/03/01 10:30:00";8.1;93
1583065800;"2020/03/01 13:30:00";7.9;100
1583076600;"2020/03/01 16:30:00";5.7;100
1583087400;"2020/03/01 19:30:00";5.3;100
1583098200;"2020/03/01 22:30:00";5.2;100
1583109000;"2020/03/02 01:30:00";6.1;100
1583119800;"2020/03/02 04:30:00";6.2;100
1583130600;"2020/03/02 07:30:00";5.9;100
1583141400;"2020/03/02 10:30:00";6.3;100
1583152200;"2020/03/02 13:30:00";7.3;100
1583163000;"2020/03/02 16:30:00";7.2;100
1583173800;"2020/03/02 19:30:00";5.8;99
1583184600;"2020/03/02 22:30:00";4.4;100
1583195400;"2020/03/03 01:30:00";3.5;100
1583206200;"2020/03/03 04:30:00";2.2;100
1583217000;"2020/03/03 07:30:00";1.6;100
1583227800;"2020/03/03 10:30:00";4.9;100
1583238600;"2020/03/03 13:30:00";7.1;95
1583249400;"2020/03/03 16:30:00";6.6;98
1583260200;"2020/03/03 19:30:00";5.5;100
1583271000;"2020/03/03 22:30:00";4;100
1583281800;"2020/03/04 01:30:00";2.6;100
1583292600;"2020/03/04 04:30:00";1.9;100
1583303400;"2020/03/04 07:30:00";2.2;100
1583314200;"2020/03/04 10:30:00";4.4;100
1583325000;"2020/03/04 13:30:00";7.6;91
1583335800;"2020/03/04 16:30:00";7.7;90
1583346600;"2020/03/04 19:30:00";6.8;100
1583357400;"2020/03/04 22:30:00";8.1;100
1583368200;"2020/03/05 01:30:00";9;100
1583379000;"2020/03/05 04:30:00";8.8;100
1583389800;"2020/03/05 07:30:00";8.8;100
1583400600;"2020/03/05 10:30:00";11.5;100
1583411400;"2020/03/05 13:30:00";10.5;100
1583422200;"2020/03/05 16:30:00";9.6;100
1583433000;"2020/03/05 19:30:00";7;100
1583443800;"2020/03/05 22:30:00";6.6;99
1583454600;"2020/03/06 01:30:00";6;96
1583465400;"2020/03/06 04:30:00";4.6;97
1583476200;"2020/03/06 07:30:00";3.8;99
1583487000;"2020/03/06 10:30:00";6.2;97
1583497800;"2020/03/06 13:30:00";8.4;87
1583508600;"2020/03/06 16:30:00";8.5;83
1583519400;"2020/03/06 19:30:00";7.8;85
1583530200;"2020/03/06 22:30:00";7;91
1583541000;"2020/03/07 01:30:00";5.4;94
1583551800;"2020/03/07 04:30:00";3.5;97
1583562600;"2020/03/07 07:30:00";3.5;99
1583573400;"2020/03/07 10:30:00";7.4;96
1583584200;"2020/03/07 13:30:00";10.5;80
1583595000;"2020/03/07 16:30:00";10.5;78
1583605800;"2020/03/07 19:30:00";9.6;81
1583616600;"2020/03/07 22:30:00";9.1;85
1583627400;"2020/03/08 01:30:00";8.4;95
1583638200;"2020/03/08 04:30:00";7.8;97
1583649000;"2020/03/08 07:30:00";8;95
1583659800;"2020/03/08 10:30:00";10.4;85
1583670600;"2020/03/08 13:30:00";10.4;91
1583681400;"2020/03/08 16:30:00";10.1;96
1583692200;"2020/03/08 19:30:00";9;98
1583703000;"2020/03/08 22:30:00";7;100
1583713800;"2020/03/09 01:30:00";6.1;100
1583724600;"2020/03/09 04:30:00";5.7;100
1583735400;"2020/03/09 07:30:00";5;100
1583746200;"2020/03/09 10:30:00";7.2;100
1583757000;"2020/03/09 13:30:00";9.7;90
1583767800;"2020/03/09 16:30:00";10.4;79
1583778600;"2020/03/09 19:30:00";9;83
1583789400;"2020/03/09 22:30:00";8.1;88
1583800200;"2020/03/10 01:30:00";6.6;100
1583811000;"2020/03/10 04:30:00";7.8;100
1583821800;"2020/03/10 07:30:00";9.2;100
1583832600;"2020/03/10 10:30:00";10.3;100
1583843400;"2020/03/10 13:30:00";11.6;100
1583854200;"2020/03/10 16:30:00";12.6;100
1583865000;"2020/03/10 19:30:00";12.2;100
1583875800;"2020/03/10 22:30:00";12;100
1583886600;"2020/03/11 01:30:00";12;100
1583897400;"2020/03/11 04:30:00";11.8;100
1583908200;"2020/03/11 07:30:00";11.6;100
1583919000;"2020/03/11 10:30:00";12.7;100
1583929800;"2020/03/11 13:30:00";14.8;92
1583940600;"2020/03/11 16:30:00";15.9;82
1583951400;"2020/03/11 19:30:00";14.2;86
1583962200;"2020/03/11 22:30:00";12.7;88
1583973000;"2020/03/12 01:30:00";12.3;93
1583983800;"2020/03/12 04:30:00";11.7;95
1583994600;"2020/03/12 07:30:00";11.3;93
1584005400;"2020/03/12 10:30:00";11.4;91
1584016200;"2020/03/12 13:30:00";10.6;99
1584027000;"2020/03/12 16:30:00";11.5;85
1584037800;"2020/03/12 19:30:00";10.6;80
1584048600;"2020/03/12 22:30:00";8.7;83
1584059400;"2020/03/13 01:30:00";6.4;89
1584070200;"2020/03/13 04:30:00";4.9;93
1584081000;"2020/03/13 07:30:00";4;95
1584091800;"2020/03/13 10:30:00";8.1;87
1584102600;"2020/03/13 13:30:00";11.2;73
1584113400;"2020/03/13 16:30:00";11.1;66
1584124200;"2020/03/13 19:30:00";8.6;76
1584135000;"2020/03/13 22:30:00";6;89
1584145800;"2020/03/14 01:30:00";6.1;92
1584156600;"2020/03/14 04:30:00";5.9;94
1584167400;"2020/03/14 07:30:00";5.9;92
1584178200;"2020/03/14 10:30:00";9.5;84
1584189000;"2020/03/14 13:30:00";10.8;87
1584199800;"2020/03/14 16:30:00";11.7;85
1584210600;"2020/03/14 19:30:00";11;88
1584221400;"2020/03/14 22:30:00";8.8;96
1584232200;"2020/03/15 01:30:00";8.2;98
1584243000;"2020/03/15 04:30:00";8.1;98
1584253800;"2020/03/15 07:30:00";7.2;99
1584264600;"2020/03/15 10:30:00";11.9;84
1584275400;"2020/03/15 13:30:00";16.5;57
1584286200;"2020/03/15 16:30:00";17.1;51
1584297000;"2020/03/15 19:30:00";14.1;64
1584307800;"2020/03/15 22:30:00";9.6;81
1584318600;"2020/03/16 01:30:00";8.2;89
1584329400;"2020/03/16 04:30:00";8.7;91
1584340200;"2020/03/16 07:30:00";8.5;93
1584351000;"2020/03/16 10:30:00";9;95
1584361800;"2020/03/16 13:30:00";10.4;93
1584372600;"2020/03/16 16:30:00";10.9;92
1584383400;"2020/03/16 19:30:00";10.2;95
1584394200;"2020/03/16 22:30:00";9.8;98
1584405000;"2020/03/17 01:30:00";9.6;98
1584415800;"2020/03/17 04:30:00";9.4;97
1584426600;"2020/03/17 07:30:00";9.3;96
1584437400;"2020/03/17 10:30:00";11.2;95
1584448200;"2020/03/17 13:30:00";14.5;85
1584459000;"2020/03/17 16:30:00";15.1;80
1584469800;"2020/03/17 19:30:00";13.4;83
1584480600;"2020/03/17 22:30:00";11.9;91
1584491400;"2020/03/18 01:30:00";11.4;94
1584502200;"2020/03/18 04:30:00";10.8;96
1584513000;"2020/03/18 07:30:00";10.5;97
1584523800;"2020/03/18 10:30:00";13.6;92
1584534600;"2020/03/18 13:30:00";17;76
1584545400;"2020/03/18 16:30:00";16.9;73
1584556200;"2020/03/18 19:30:00";14.4;81
1584567000;"2020/03/18 22:30:00";11.3;89
1584577800;"2020/03/19 01:30:00";9.2;92
1584588600;"2020/03/19 04:30:00";7.9;93
1584599400;"2020/03/19 07:30:00";7.3;95
1584610200;"2020/03/19 10:30:00";14.7;84
1584621000;"2020/03/19 13:30:00";19.2;65
1584631800;"2020/03/19 16:30:00";18.8;63
1584642600;"2020/03/19 19:30:00";16.7;71
1584653400;"2020/03/19 22:30:00";14.4;77
1584664200;"2020/03/20 01:30:00";12.4;84
1584675000;"2020/03/20 04:30:00";10.6;86
1584685800;"2020/03/20 07:30:00";10.1;89
1584696600;"2020/03/20 10:30:00";14.9;80
1584707400;"2020/03/20 13:30:00";18.5;72
1584718200;"2020/03/20 16:30:00";19;67
1584729000;"2020/03/20 19:30:00";15.9;74
1584739800;"2020/03/20 22:30:00";11.2;87
1584750600;"2020/03/21 01:30:00";9.5;89
1584761400;"2020/03/21 04:30:00";8.9;90
1584772200;"2020/03/21 07:30:00";8.3;90
1584783000;"2020/03/21 10:30:00";9.5;90
1584793800;"2020/03/21 13:30:00";10.8;85
1584804600;"2020/03/21 16:30:00";9.7;83
1584815400;"2020/03/21 19:30:00";8;83
1584826200;"2020/03/21 22:30:00";7.4;82
1584837000;"2020/03/22 01:30:00";7.1;82
1584847800;"2020/03/22 04:30:00";6.7;83
1584858600;"2020/03/22 07:30:00";6.4;84
1584869400;"2020/03/22 10:30:00";6.5;85
1584880200;"2020/03/22 13:30:00";7.1;88
1584891000;"2020/03/22 16:30:00";9.2;84
1584901800;"2020/03/22 19:30:00";9;81
1584912600;"2020/03/22 22:30:00";8;68
1584923400;"2020/03/23 01:30:00";5.9;67
1584934200;"2020/03/23 04:30:00";3.7;69
1584945000;"2020/03/23 07:30:00";2.9;72
1584955800;"2020/03/23 10:30:00";7.6;64
1584966600;"2020/03/23 13:30:00";11.8;61
1584977400;"2020/03/23 16:30:00";12.5;57
1584988200;"2020/03/23 19:30:00";10.2;53
1584999000;"2020/03/23 22:30:00";6.9;61
1585009800;"2020/03/24 01:30:00";4.4;67
1585020600;"2020/03/24 04:30:00";2.2;68
1585031400;"2020/03/24 07:30:00";1.5;66
1585042200;"2020/03/24 10:30:00";8.2;49
1585053000;"2020/03/24 13:30:00";12.5;42
1585063800;"2020/03/24 16:30:00";12.1;40
1585074600;"2020/03/24 19:30:00";9.6;43
1585085400;"2020/03/24 22:30:00";6.5;50
1585096200;"2020/03/25 01:30:00";4;60
1585107000;"2020/03/25 04:30:00";1.8;67
1585117800;"2020/03/25 07:30:00";1.4;71
1585128600;"2020/03/25 10:30:00";7.4;59
1585139400;"2020/03/25 13:30:00";11.1;50
1585150200;"2020/03/25 16:30:00";11.6;41
1585161000;"2020/03/25 19:30:00";9.1;46
1585171800;"2020/03/25 22:30:00";6.3;52
1585182600;"2020/03/26 01:30:00";4.2;54
1585193400;"2020/03/26 04:30:00";2.8;58
1585204200;"2020/03/26 07:30:00";2.8;58
1585215000;"2020/03/26 10:30:00";7.5;51
1585225800;"2020/03/26 13:30:00";10;50
1585236600;"2020/03/26 16:30:00";9.8;50
1585247400;"2020/03/26 19:30:00";8.1;55
1585258200;"2020/03/26 22:30:00";5.5;63
1585269000;"2020/03/27 01:30:00";4.3;66
1585279800;"2020/03/27 04:30:00";2.8;71
1585290600;"2020/03/27 07:30:00";2.6;74
1585301400;"2020/03/27 10:30:00";8.2;63
1585312200;"2020/03/27 13:30:00";12.2;54
1585323000;"2020/03/27 16:30:00";12.2;54
1585333800;"2020/03/27 19:30:00";9.8;62
1585344600;"2020/03/27 22:30:00";6.5;73
1585355400;"2020/03/28 01:30:00";4.2;81
1585366200;"2020/03/28 04:30:00";3.9;83
1585377000;"2020/03/28 07:30:00";3.9;86
1585387800;"2020/03/28 10:30:00";9.6;77
1585398600;"2020/03/28 13:30:00";14.3;62
1585409400;"2020/03/28 16:30:00";15.4;58
1585420200;"2020/03/28 19:30:00";14.1;63
1585431000;"2020/03/28 22:30:00";11.3;66
1585441800;"2020/03/29 01:30:00";7.8;78
1585452600;"2020/03/29 05:30:00";6.4;77
1585463400;"2020/03/29 08:30:00";5.3;68
1585474200;"2020/03/29 11:30:00";6.7;63
1585485000;"2020/03/29 14:30:00";7.9;54
1585495800;"2020/03/29 17:30:00";8.1;45
1585506600;"2020/03/29 20:30:00";6.2;58
1585517400;"2020/03/29 23:30:00";4.6;68
1585528200;"2020/03/30 02:30:00";3.9;69
1585539000;"2020/03/30 05:30:00";2.6;65
1585549800;"2020/03/30 08:30:00";1.3;63
1585560600;"2020/03/30 11:30:00";5.4;54
1585571400;"2020/03/30 14:30:00";8.3;42
1585582200;"2020/03/30 17:30:00";8.8;36
1585593000;"2020/03/30 20:30:00";7.4;38
1585603800;"2020/03/30 23:30:00";5.1;54
1585614600;"2020/03/31 02:30:00";3.9;66
1585625400;"2020/03/31 05:30:00";2.3;72
1585636200;"2020/03/31 08:30:00";2.7;77
1585647000;"2020/03/31 11:30:00";9;60
1585657800;"2020/03/31 14:30:00";12.1;52
1585668600;"2020/03/31 17:30:00";11.6;51
1585679400;"2020/03/31 20:30:00";9.4;55
1585690200;"2020/03/31 23:30:00";7.1;58
1585701000;"2020/04/01 02:30:00";5;62
1585711800;"2020/04/01 05:30:00";2.7;70
1585722600;"2020/04/01 08:30:00";2.9;70
1585733400;"2020/04/01 11:30:00";9.6;51
1585744200;"2020/04/01 14:30:00";12.2;43
1585755000;"2020/04/01 17:30:00";12.1;41
1585765800;"2020/04/01 20:30:00";10;47
1585776600;"2020/04/01 23:30:00";5.8;61
1585787400;"2020/04/02 02:30:00";4.4;62
1585798200;"2020/04/02 05:30:00";3;72
1585809000;"2020/04/02 08:30:00";2.8;78
1585819800;"2020/04/02 11:30:00";8;68
1585830600;"2020/04/02 14:30:00";11.3;54
1585841400;"2020/04/02 17:30:00";11.2;53
1585852200;"2020/04/02 20:30:00";8.7;60
1585863000;"2020/04/02 23:30:00";6.4;73
1585873800;"2020/04/03 02:30:00";5;81
1585884600;"2020/04/03 05:30:00";4.3;87
1585895400;"2020/04/03 08:30:00";5.7;87
1585906200;"2020/04/03 11:30:00";10.7;81
1585917000;"2020/04/03 14:30:00";12.5;69
1585927800;"2020/04/03 17:30:00";13;64
1585938600;"2020/04/03 20:30:00";11.4;73
1585949400;"2020/04/03 23:30:00";9.2;81
1585960200;"2020/04/04 02:30:00";7.7;86
1585971000;"2020/04/04 05:30:00";4.8;87
1585981800;"2020/04/04 08:30:00";5.4;88
1585992600;"2020/04/04 11:30:00";14;61
1586003400;"2020/04/04 14:30:00";17.3;46
1586014200;"2020/04/04 17:30:00";17.4;44
1586025000;"2020/04/04 20:30:00";15;50
1586035800;"2020/04/04 23:30:00";11.4;60
1586046600;"2020/04/05 02:30:00";8;69
1586057400;"2020/04/05 05:30:00";5.3;75
1586068200;"2020/04/05 08:30:00";6.3;79
1586079000;"2020/04/05 11:30:00";16.3;55
1586089800;"2020/04/05 14:30:00";21.7;38
1586100600;"2020/04/05 17:30:00";22.3;33
1586111400;"2020/04/05 20:30:00";18.4;43
1586122200;"2020/04/05 23:30:00";13.2;57
1586133000;"2020/04/06 02:30:00";11.2;59
1586143800;"2020/04/06 05:30:00";9.6;60
1586154600;"2020/04/06 08:30:00";9.9;63
1586165400;"2020/04/06 11:30:00";14.6;56
1586176200;"2020/04/06 14:30:00";11;94
1586187000;"2020/04/06 17:30:00";11.7;98
1586197800;"2020/04/06 20:30:00";11.4;99
1586208600;"2020/04/06 23:30:00";10.9;99
1586219400;"2020/04/07 02:30:00";10.6;100
1586230200;"2020/04/07 05:30:00";10.3;100
1586241000;"2020/04/07 08:30:00";10.6;100
1586251800;"2020/04/07 11:30:00";16.4;87
1586262600;"2020/04/07 14:30:00";20.5;62
1586273400;"2020/04/07 17:30:00";22.2;41
1586284200;"2020/04/07 20:30:00";18.7;54
1586295000;"2020/04/07 23:30:00";15;65
1586305800;"2020/04/08 02:30:00";11.9;75
1586316600;"2020/04/08 05:30:00";9.2;82
1586327400;"2020/04/08 08:30:00";10.6;81
1586338200;"2020/04/08 11:30:00";19;55
1586349000;"2020/04/08 14:30:00";22;47
1586359800;"2020/04/08 17:30:00";21.2;46
1586370600;"2020/04/08 20:30:00";18.4;57
1586381400;"2020/04/08 23:30:00";13.9;71
1586392200;"2020/04/09 02:30:00";10.6;79
1586403000;"2020/04/09 05:30:00";9.3;83
1586413800;"2020/04/09 08:30:00";10.1;86
1586424600;"2020/04/09 11:30:00";19.5;58
1586435400;"2020/04/09 14:30:00";24.8;33
1586446200;"2020/04/09 17:30:00";24.4;31
1586457000;"2020/04/09 20:30:00";21.2;40
1586467800;"2020/04/09 23:30:00";17.4;50
1586478600;"2020/04/10 02:30:00";12.5;66
1586489400;"2020/04/10 05:30:00";9.8;74
1586500200;"2020/04/10 08:30:00";10.7;77
1586511000;"2020/04/10 11:30:00";20.7;52
1586521800;"2020/04/10 14:30:00";25.1;36
1586532600;"2020/04/10 17:30:00";24.7;35
1586543400;"2020/04/10 20:30:00";21.5;42
1586554200;"2020/04/10 23:30:00";17.5;54
1586565000;"2020/04/11 02:30:00";12.9;70
1586575800;"2020/04/11 05:30:00";11.1;75
1586586600;"2020/04/11 08:30:00";11.9;79
1586597400;"2020/04/11 11:30:00";19.5;62
1586608200;"2020/04/11 14:30:00";23.8;42
1586619000;"2020/04/11 17:30:00";23.6;40
1586629800;"2020/04/11 20:30:00";21.2;47
1586640600;"2020/04/11 23:30:00";16.4;62
1586651400;"2020/04/12 02:30:00";15;72
1586662200;"2020/04/12 05:30:00";15.4;71
1586673000;"2020/04/12 08:30:00";15.7;71
1586683800;"2020/04/12 11:30:00";21.7;56
1586694600;"2020/04/12 14:30:00";24;43
1586705400;"2020/04/12 17:30:00";23.1;42
1586716200;"2020/04/12 20:30:00";20.3;50
1586727000;"2020/04/12 23:30:00";16.4;64
1586737800;"2020/04/13 02:30:00";13.4;73
1586748600;"2020/04/13 05:30:00";11.2;81
1586759400;"2020/04/13 08:30:00";11.9;84
1586770200;"2020/04/13 11:30:00";17;65
1586781000;"2020/04/13 14:30:00";20;59
1586791800;"2020/04/13 17:30:00";19.2;58
1586802600;"2020/04/13 20:30:00";14.6;60
1586813400;"2020/04/13 23:30:00";10.9;57
1586824200;"2020/04/14 02:30:00";8.2;58
1586835000;"2020/04/14 05:30:00";5.9;63
1586845800;"2020/04/14 08:30:00";5.6;66
1586856600;"2020/04/14 11:30:00";10.4;54
1586867400;"2020/04/14 14:30:00";13.6;45
1586878200;"2020/04/14 17:30:00";13.7;42
1586889000;"2020/04/14 20:30:00";11.4;48
1586899800;"2020/04/14 23:30:00";9;55
1586910600;"2020/04/15 02:30:00";7.7;59
1586921400;"2020/04/15 05:30:00";5.2;67
1586932200;"2020/04/15 08:30:00";6.2;68
1586943000;"2020/04/15 11:30:00";13;52
1586953800;"2020/04/15 14:30:00";17.9;41
1586964600;"2020/04/15 17:30:00";19.2;39
1586975400;"2020/04/15 20:30:00";17;46
1586986200;"2020/04/15 23:30:00";13.5;56
1586997000;"2020/04/16 02:30:00";10.8;68
1587007800;"2020/04/16 05:30:00";9.1;78
1587018600;"2020/04/16 08:30:00";10.9;80
1587029400;"2020/04/16 11:30:00";18.7;62
1587040200;"2020/04/16 14:30:00";22;57
1587051000;"2020/04/16 17:30:00";22.1;55
1587061800;"2020/04/16 20:30:00";20;62
1587072600;"2020/04/16 23:30:00";16;74
1587083400;"2020/04/17 02:30:00";14.5;80
1587094200;"2020/04/17 05:30:00";13.5;83
1587105000;"2020/04/17 08:30:00";14.1;84
1587115800;"2020/04/17 11:30:00";20.1;54
1587126600;"2020/04/17 14:30:00";23.2;49
1587137400;"2020/04/17 17:30:00";23.5;51
1587148200;"2020/04/17 20:30:00";21.1;57
1587159000;"2020/04/17 23:30:00";17.1;78
1587169800;"2020/04/18 02:30:00";13;98
1587180600;"2020/04/18 05:30:00";12.7;99
1587191400;"2020/04/18 08:30:00";13.1;100
1587202200;"2020/04/18 11:30:00";17.4;97
1587213000;"2020/04/18 14:30:00";20.8;77
1587223800;"2020/04/18 17:30:00";17.5;90
1587234600;"2020/04/18 20:30:00";16.7;91
1587245400;"2020/04/18 23:30:00";14.8;92
1587256200;"2020/04/19 02:30:00";13;93
1587267000;"2020/04/19 05:30:00";12;94
1587277800;"2020/04/19 08:30:00";12.6;96
1587288600;"2020/04/19 11:30:00";14.5;94
1587299400;"2020/04/19 14:30:00";17.7;83
1587310200;"2020/04/19 17:30:00";19.2;72
1587321000;"2020/04/19 20:30:00";17.6;72
1587331800;"2020/04/19 23:30:00";15.5;80
1587342600;"2020/04/20 02:30:00";13.4;86
1587353400;"2020/04/20 05:30:00";12.7;88
1587364200;"2020/04/20 08:30:00";12.5;86
1587375000;"2020/04/20 11:30:00";15.2;80
1587385800;"2020/04/20 14:30:00";19.5;70
1587396600;"2020/04/20 17:30:00";19.9;65
1587407400;"2020/04/20 20:30:00";18.7;63
1587418200;"2020/04/20 23:30:00";16.3;60
1587429000;"2020/04/21 02:30:00";13.6;66
1587439800;"2020/04/21 05:30:00";11.8;69
1587450600;"2020/04/21 08:30:00";11.5;69
1587461400;"2020/04/21 11:30:00";14.5;65
1587472200;"2020/04/21 14:30:00";16.7;61
1587483000;"2020/04/21 17:30:00";17.6;59
1587493800;"2020/04/21 20:30:00";16.3;68
1587504600;"2020/04/21 23:30:00";13.7;79
1587515400;"2020/04/22 02:30:00";12;81
1587526200;"2020/04/22 05:30:00";10;84
1587537000;"2020/04/22 08:30:00";11.5;79
1587547800;"2020/04/22 11:30:00";17.3;63
1587558600;"2020/04/22 14:30:00";21.8;52
1587569400;"2020/04/22 17:30:00";21.5;48
1587580200;"2020/04/22 20:30:00";19.1;54
1587591000;"2020/04/22 23:30:00";14.6;69
1587601800;"2020/04/23 02:30:00";11.3;79
1587612600;"2020/04/23 05:30:00";9.4;84
1587623400;"2020/04/23 08:30:00";10.7;88
1587634200;"2020/04/23 11:30:00";18.3;70
1587645000;"2020/04/23 14:30:00";23.1;54
1587655800;"2020/04/23 17:30:00";23.5;52
1587666600;"2020/04/23 20:30:00";20.8;60
1587677400;"2020/04/23 23:30:00";17.1;75
1587688200;"2020/04/24 02:30:00";14.2;86
1587699000;"2020/04/24 05:30:00";12.3;90
1587709800;"2020/04/24 08:30:00";13.5;93
1587720600;"2020/04/24 11:30:00";19.4;77
1587731400;"2020/04/24 14:30:00";22.8;64
1587742200;"2020/04/24 17:30:00";22.9;61
1587753000;"2020/04/24 20:30:00";20.8;67
1587763800;"2020/04/24 23:30:00";16.7;79
1587774600;"2020/04/25 02:30:00";14.8;83
1587785400;"2020/04/25 05:30:00";13.6;80
1587796200;"2020/04/25 08:30:00";13.4;80
1587807000;"2020/04/25 11:30:00";12.3;98
1587817800;"2020/04/25 14:30:00";13.9;97
1587828600;"2020/04/25 17:30:00";16;88
1587839400;"2020/04/25 20:30:00";15.4;80
1587850200;"2020/04/25 23:30:00";12.2;88
1587861000;"2020/04/26 02:30:00";10.2;88
1587871800;"2020/04/26 05:30:00";9.2;89
1587882600;"2020/04/26 08:30:00";10.4;88
1587893400;"2020/04/26 11:30:00";16;70
1587904200;"2020/04/26 14:30:00";19.7;57
1587915000;"2020/04/26 17:30:00";20;51
1587925800;"2020/04/26 20:30:00";17.6;62
1587936600;"2020/04/26 23:30:00";13;78
1587947400;"2020/04/27 02:30:00";10.8;85
1587958200;"2020/04/27 05:30:00";9.9;88
1587969000;"2020/04/27 08:30:00";11.5;87
1587979800;"2020/04/27 11:30:00";20.2;64
1587990600;"2020/04/27 14:30:00";23.5;54
1588001400;"2020/04/27 17:30:00";20.8;66
1588012200;"2020/04/27 20:30:00";16.2;90
1588023000;"2020/04/27 23:30:00";15.1;93
1588033800;"2020/04/28 02:30:00";13.8;95
1588044600;"2020/04/28 05:30:00";12.9;94
1588055400;"2020/04/28 08:30:00";13;95
1588066200;"2020/04/28 11:30:00";15.4;83
1588077000;"2020/04/28 14:30:00";17.8;69
1588087800;"2020/04/28 17:30:00";16.9;72
1588098600;"2020/04/28 20:30:00";14.2;88
1588109400;"2020/04/28 23:30:00";11.6;93
1588120200;"2020/04/29 02:30:00";10.3;93
1588131000;"2020/04/29 05:30:00";10.9;95
1588141800;"2020/04/29 08:30:00";11.7;94
1588152600;"2020/04/29 11:30:00";14.6;79
1588163400;"2020/04/29 14:30:00";15.4;78
1588174200;"2020/04/29 17:30:00";14.2;90
1588185000;"2020/04/29 20:30:00";13.3;90
1588195800;"2020/04/29 23:30:00";11.6;95
1588206600;"2020/04/30 02:30:00";11.2;95
1588217400;"2020/04/30 05:30:00";10.8;90
1588228200;"2020/04/30 08:30:00";10;93
1588239000;"2020/04/30 11:30:00";10.3;99
1588249800;"2020/04/30 14:30:00";12.4;91
1588260600;"2020/04/30 17:30:00";13.6;90
1588271400;"2020/04/30 20:30:00";12.7;81
1588282200;"2020/04/30 23:30:00";11;87
1588293000;"2020/05/01 02:30:00";10.3;95
1588303800;"2020/05/01 05:30:00";10.1;95
1588314600;"2020/05/01 08:30:00";10.8;96
1588325400;"2020/05/01 11:30:00";13.6;87
1588336200;"2020/05/01 14:30:00";15.7;77
1588347000;"2020/05/01 17:30:00";14.9;84
1588357800;"2020/05/01 20:30:00";14.2;82
1588368600;"2020/05/01 23:30:00";11.5;98
1588379400;"2020/05/02 02:30:00";11.5;94
1588390200;"2020/05/02 05:30:00";10.5;92
1588401000;"2020/05/02 08:30:00";10.9;95
1588411800;"2020/05/02 11:30:00";12.8;87
1588422600;"2020/05/02 14:30:00";13.1;87
1588433400;"2020/05/02 17:30:00";14.2;85
1588444200;"2020/05/02 20:30:00";13.7;86
1588455000;"2020/05/02 23:30:00";12.2;92
1588465800;"2020/05/03 02:30:00";11.8;95
1588476600;"2020/05/03 05:30:00";11.7;97
1588487400;"2020/05/03 08:30:00";12;98
1588498200;"2020/05/03 11:30:00";13.5;98
1588509000;"2020/05/03 14:30:00";16.9;94
1588519800;"2020/05/03 17:30:00";17.6;99
1588530600;"2020/05/03 20:30:00";17.1;93
1588541400;"2020/05/03 23:30:00";14;94
1588552200;"2020/05/04 02:30:00";11.8;97
1588563000;"2020/05/04 05:30:00";11.4;98
1588573800;"2020/05/04 08:30:00";12.4;100
1588584600;"2020/05/04 11:30:00";16.4;98
1588595400;"2020/05/04 14:30:00";20.9;79
1588606200;"2020/05/04 17:30:00";21.3;71
1588617000;"2020/05/04 20:30:00";19;77
1588627800;"2020/05/04 23:30:00";16.1;80
1588638600;"2020/05/05 02:30:00";13.9;88
1588649400;"2020/05/05 05:30:00";12.2;98
1588660200;"2020/05/05 08:30:00";11.8;100
1588671000;"2020/05/05 11:30:00";13;100
1588681800;"2020/05/05 14:30:00";13.6;99
1588692600;"2020/05/05 17:30:00";14.3;97
1588703400;"2020/05/05 20:30:00";14.1;96
1588714200;"2020/05/05 23:30:00";13.2;97
1588725000;"2020/05/06 02:30:00";10.9;96
1588735800;"2020/05/06 05:30:00";9.2;96
1588746600;"2020/05/06 08:30:00";10.9;97
1588757400;"2020/05/06 11:30:00";16.3;87
1588768200;"2020/05/06 14:30:00";20;66
1588779000;"2020/05/06 17:30:00";20;59
1588789800;"2020/05/06 20:30:00";17.4;60
1588800600;"2020/05/06 23:30:00";13.1;75
1588811400;"2020/05/07 02:30:00";9.9;82
1588822200;"2020/05/07 05:30:00";8.7;84
1588833000;"2020/05/07 08:30:00";10.8;81
1588843800;"2020/05/07 11:30:00";18.1;59
1588854600;"2020/05/07 14:30:00";21.4;51
1588865400;"2020/05/07 17:30:00";22;49
1588876200;"2020/05/07 20:30:00";19.6;57
1588887000;"2020/05/07 23:30:00";15.4;70
1588897800;"2020/05/08 02:30:00";12;78
1588908600;"2020/05/08 05:30:00";9.9;83
1588919400;"2020/05/08 08:30:00";11.9;84
1588930200;"2020/05/08 11:30:00";18.3;69
1588941000;"2020/05/08 14:30:00";22.2;59
1588951800;"2020/05/08 17:30:00";21.9;63
1588962600;"2020/05/08 20:30:00";18.8;81
1588973400;"2020/05/08 23:30:00";16.6;93
1588984200;"2020/05/09 02:30:00";15.8;95
1588995000;"2020/05/09 05:30:00";15.5;96
1589005800;"2020/05/09 08:30:00";16.5;96
1589016600;"2020/05/09 11:30:00";20.5;84
1589027400;"2020/05/09 14:30:00";22.9;72
1589038200;"2020/05/09 17:30:00";23.1;70
1589049000;"2020/05/09 20:30:00";21.5;76
1589059800;"2020/05/09 23:30:00";18.2;87
1589070600;"2020/05/10 02:30:00";16.2;92
1589081400;"2020/05/10 05:30:00";15.6;94
1589092200;"2020/05/10 08:30:00";16.1;96
1589103000;"2020/05/10 11:30:00";16.8;98
1589113800;"2020/05/10 14:30:00";20;89
1589124600;"2020/05/10 17:30:00";22.3;77
1589135400;"2020/05/10 20:30:00";20;87
1589146200;"2020/05/10 23:30:00";16.7;96
1589157000;"2020/05/11 02:30:00";13.8;100
1589167800;"2020/05/11 05:30:00";9.8;100
1589178600;"2020/05/11 08:30:00";7;100
1589189400;"2020/05/11 11:30:00";6.3;100
1589200200;"2020/05/11 14:30:00";6.9;100
1589211000;"2020/05/11 17:30:00";9.8;98
1589221800;"2020/05/11 20:30:00";10.6;81
1589232600;"2020/05/11 23:30:00";8.6;83
1589243400;"2020/05/12 02:30:00";7.1;84
1589254200;"2020/05/12 05:30:00";5.6;85
1589265000;"2020/05/12 08:30:00";6.8;83
1589275800;"2020/05/12 11:30:00";10.1;76
1589286600;"2020/05/12 14:30:00";12.5;67
1589297400;"2020/05/12 17:30:00";12.2;67
1589308200;"2020/05/12 20:30:00";11.3;69
1589319000;"2020/05/12 23:30:00";8.6;82
1589329800;"2020/05/13 02:30:00";7.8;85
1589340600;"2020/05/13 05:30:00";7.4;85
1589351400;"2020/05/13 08:30:00";7.6;85
1589362200;"2020/05/13 11:30:00";10.5;78
1589373000;"2020/05/13 14:30:00";13.1;69
1589383800;"2020/05/13 17:30:00";13.6;66
1589394600;"2020/05/13 20:30:00";12.9;67
1589405400;"2020/05/13 23:30:00";10.7;73
1589416200;"2020/05/14 02:30:00";8.4;74
1589427000;"2020/05/14 05:30:00";6.7;79
1589437800;"2020/05/14 08:30:00";7.7;79
1589448600;"2020/05/14 11:30:00";11.9;72
1589459400;"2020/05/14 14:30:00";15.2;63
1589470200;"2020/05/14 17:30:00";14.8;59
1589481000;"2020/05/14 20:30:00";13.4;60
1589491800;"2020/05/14 23:30:00";10.9;65
1589502600;"2020/05/15 02:30:00";9.7;65
1589513400;"2020/05/15 05:30:00";7.5;72
1589524200;"2020/05/15 08:30:00";8.4;74
1589535000;"2020/05/15 11:30:00";13.3;65
1589545800;"2020/05/15 14:30:00";17.1;57
1589556600;"2020/05/15 17:30:00";17.3;54
1589567400;"2020/05/15 20:30:00";15.5;55
1589578200;"2020/05/15 23:30:00";12.2;65
1589589000;"2020/05/16 02:30:00";9.4;73
1589599800;"2020/05/16 05:30:00";7.3;80
1589610600;"2020/05/16 08:30:00";9.7;78
1589621400;"2020/05/16 11:30:00";15.2;66
1589632200;"2020/05/16 14:30:00";18.6;55
1589643000;"2020/05/16 17:30:00";18.7;52
1589653800;"2020/05/16 20:30:00";16.9;56
1589664600;"2020/05/16 23:30:00";12.9;72
1589675400;"2020/05/17 02:30:00";10.5;79
1589686200;"2020/05/17 05:30:00";8.4;85
1589697000;"2020/05/17 08:30:00";10.7;81
1589707800;"2020/05/17 11:30:00";15.7;63
1589718600;"2020/05/17 14:30:00";19;57
1589729400;"2020/05/17 17:30:00";18.8;56
1589740200;"2020/05/17 20:30:00";17.4;60
1589751000;"2020/05/17 23:30:00";13.1;76
1589761800;"2020/05/18 02:30:00";10.6;84
1589772600;"2020/05/18 05:30:00";10;87
1589783400;"2020/05/18 08:30:00";12.2;86
1589794200;"2020/05/18 11:30:00";17.7;72
1589805000;"2020/05/18 14:30:00";21.5;60
1589815800;"2020/05/18 17:30:00";21.7;53
1589826600;"2020/05/18 20:30:00";20.1;61
1589837400;"2020/05/18 23:30:00";16.5;72
1589848200;"2020/05/19 02:30:00";13.6;70
1589859000;"2020/05/19 05:30:00";10.2;81
1589869800;"2020/05/19 08:30:00";12.2;76
1589880600;"2020/05/19 11:30:00";17.9;56
1589891400;"2020/05/19 14:30:00";22.5;49
1589902200;"2020/05/19 17:30:00";22.8;48
1589913000;"2020/05/19 20:30:00";21;55
1589923800;"2020/05/19 23:30:00";17.6;72
1589934600;"2020/05/20 02:30:00";15.5;81
1589945400;"2020/05/20 05:30:00";13.6;85
1589956200;"2020/05/20 08:30:00";15.7;85
1589967000;"2020/05/20 11:30:00";22.1;70
1589977800;"2020/05/20 14:30:00";25.6;61
1589988600;"2020/05/20 17:30:00";25.8;58
1589999400;"2020/05/20 20:30:00";24.2;63
1590010200;"2020/05/20 23:30:00";19.7;76
1590021000;"2020/05/21 02:30:00";16.3;84
1590031800;"2020/05/21 05:30:00";14.5;87
1590042600;"2020/05/21 08:30:00";16.7;90
1590053400;"2020/05/21 11:30:00";23;74
1590064200;"2020/05/21 14:30:00";26.4;62
1590075000;"2020/05/21 17:30:00";27.2;54
1590085800;"2020/05/21 20:30:00";25.3;62
1590096600;"2020/05/21 23:30:00";20.6;78
1590107400;"2020/05/22 02:30:00";17.5;85
1590118200;"2020/05/22 05:30:00";16;88
1590129000;"2020/05/22 08:30:00";17.6;89
1590139800;"2020/05/22 11:30:00";21.8;73
1590150600;"2020/05/22 14:30:00";25.1;63
1590161400;"2020/05/22 17:30:00";25.5;66
1590172200;"2020/05/22 20:30:00";22.5;72
1590183000;"2020/05/22 23:30:00";20.4;76
1590193800;"2020/05/23 02:30:00";19;70
1590204600;"2020/05/23 05:30:00";16;85
1590215400;"2020/05/23 08:30:00";12.8;98
1590226200;"2020/05/23 11:30:00";13.4;100
1590237000;"2020/05/23 14:30:00";16.5;94
1590247800;"2020/05/23 17:30:00";17.9;73
1590258600;"2020/05/23 20:30:00";17;70
1590269400;"2020/05/23 23:30:00";14.2;82
1590280200;"2020/05/24 02:30:00";13.6;83
1590291000;"2020/05/24 05:30:00";12.1;82
1590301800;"2020/05/24 08:30:00";12.7;83
1590312600;"2020/05/24 11:30:00";15.9;74
1590323400;"2020/05/24 14:30:00";19.3;66
1590334200;"2020/05/24 17:30:00";19.6;65
1590345000;"2020/05/24 20:30:00";18.2;68
1590355800;"2020/05/24 23:30:00";14.8;81
1590366600;"2020/05/25 02:30:00";12.9;86
1590377400;"2020/05/25 05:30:00";11.9;89
1590388200;"2020/05/25 08:30:00";14;87
1590399000;"2020/05/25 11:30:00";19.2;73
1590409800;"2020/05/25 14:30:00";21.5;64
1590420600;"2020/05/25 17:30:00";21.8;60
1590431400;"2020/05/25 20:30:00";20.2;64
1590442200;"2020/05/25 23:30:00";16.7;76
1590453000;"2020/05/26 02:30:00";14.2;82
1590463800;"2020/05/26 05:30:00";12.3;86
1590474600;"2020/05/26 08:30:00";14.9;84
1590485400;"2020/05/26 11:30:00";20.7;66
1590496200;"2020/05/26 14:30:00";23.7;54
1590507000;"2020/05/26 17:30:00";23.8;50
1590517800;"2020/05/26 20:30:00";22;52
1590528600;"2020/05/26 23:30:00";17.8;67
1590539400;"2020/05/27 02:30:00";15.6;75
1590550200;"2020/05/27 05:30:00";13.9;79
1590561000;"2020/05/27 08:30:00";16;77
1590571800;"2020/05/27 11:30:00";21.2;61
1590582600;"2020/05/27 14:30:00";24.3;53
1590593400;"2020/05/27 17:30:00";24.4;51
1590604200;"2020/05/27 20:30:00";22.7;57
1590615000;"2020/05/27 23:30:00";18.8;69
1590625800;"2020/05/28 02:30:00";16.9;72
1590636600;"2020/05/28 05:30:00";14.8;72
1590647400;"2020/05/28 08:30:00";15.6;72
1590658200;"2020/05/28 11:30:00";20.2;67
1590669000;"2020/05/28 14:30:00";24;59
1590679800;"2020/05/28 17:30:00";24.1;52
1590690600;"2020/05/28 20:30:00";22.4;55
1590701400;"2020/05/28 23:30:00";18.7;65
1590712200;"2020/05/29 02:30:00";16;65
1590723000;"2020/05/29 05:30:00";13.6;69
1590733800;"2020/05/29 08:30:00";15.2;65
1590744600;"2020/05/29 11:30:00";20.9;52
1590755400;"2020/05/29 14:30:00";24;42
1590766200;"2020/05/29 17:30:00";23.4;40
1590777000;"2020/05/29 20:30:00";21.5;45
1590787800;"2020/05/29 23:30:00";17.5;58
1590798600;"2020/05/30 02:30:00";14.7;66
1590809400;"2020/05/30 05:30:00";11.6;76
1590820200;"2020/05/30 08:30:00";14.9;71
1590831000;"2020/05/30 11:30:00";21.4;54
1590841800;"2020/05/30 14:30:00";24.2;45
1590852600;"2020/05/30 17:30:00";23.9;42
1590863400;"2020/05/30 20:30:00";21.8;46
1590874200;"2020/05/30 23:30:00";18.2;57
1590885000;"2020/05/31 02:30:00";15.7;62
1590895800;"2020/05/31 05:30:00";13.6;67
1590906600;"2020/05/31 08:30:00";15.3;66
1590917400;"2020/05/31 11:30:00";20.7;52
1590928200;"2020/05/31 14:30:00";23.2;44
1590939000;"2020/05/31 17:30:00";23;44
1590949800;"2020/05/31 20:30:00";21;48
1590960600;"2020/05/31 23:30:00";17.8;57
1590971400;"2020/06/01 02:30:00";15.6;62
1590982200;"2020/06/01 05:30:00";13.7;68
1590993000;"2020/06/01 08:30:00";15.5;67
1591003800;"2020/06/01 11:30:00";21.8;56
1591014600;"2020/06/01 14:30:00";25.6;47
1591025400;"2020/06/01 17:30:00";25.7;46
1591036200;"2020/06/01 20:30:00";23.9;50
1591047000;"2020/06/01 23:30:00";19;62
1591057800;"2020/06/02 02:30:00";15.6;74
1591068600;"2020/06/02 05:30:00";13.9;79
1591079400;"2020/06/02 08:30:00";17.1;76
1591090200;"2020/06/02 11:30:00";23.7;61
1591101000;"2020/06/02 14:30:00";28;43
1591111800;"2020/06/02 17:30:00";28;39
1591122600;"2020/06/02 20:30:00";25.7;45
1591133400;"2020/06/02 23:30:00";20.3;65
1591144200;"2020/06/03 02:30:00";18.8;73
1591155000;"2020/06/03 05:30:00";17.1;80
1591165800;"2020/06/03 08:30:00";17.1;85
1591176600;"2020/06/03 11:30:00";19.3;87
1591187400;"2020/06/03 14:30:00";21.8;75
1591198200;"2020/06/03 17:30:00";21.2;77
1591209000;"2020/06/03 20:30:00";21.5;74
1591219800;"2020/06/03 23:30:00";18.7;79
1591230600;"2020/06/04 02:30:00";15.2;93
1591241400;"2020/06/04 05:30:00";13.8;98
1591252200;"2020/06/04 08:30:00";13.9;100
1591263000;"2020/06/04 11:30:00";13.6;100
1591273800;"2020/06/04 14:30:00";15.5;99
1591284600;"2020/06/04 17:30:00";16.3;90
1591295400;"2020/06/04 20:30:00";14.4;87
1591306200;"2020/06/04 23:30:00";13.7;89
1591317000;"2020/06/05 02:30:00";12.8;90
1591327800;"2020/06/05 05:30:00";12;92
1591338600;"2020/06/05 08:30:00";12.1;91
1591349400;"2020/06/05 11:30:00";13.1;95
1591360200;"2020/06/05 14:30:00";15.9;85
1591371000;"2020/06/05 17:30:00";16.6;80
1591381800;"2020/06/05 20:30:00";15.3;85
1591392600;"2020/06/05 23:30:00";13.8;98
1591403400;"2020/06/06 02:30:00";12.7;99
1592073000;"2020/06/13 20:30:00";18.3;80
1592083800;"2020/06/13 23:30:00";15.3;89
1592094600;"2020/06/14 02:30:00";13.4;92
1592105400;"2020/06/14 05:30:00";12.5;95
1592116200;"2020/06/14 08:30:00";14;95
1592127000;"2020/06/14 11:30:00";17.4;86
1592137800;"2020/06/14 14:30:00";21.2;70
1592148600;"2020/06/14 17:30:00";21.2;68
1592159400;"2020/06/14 20:30:00";19.2;74
1592170200;"2020/06/14 23:30:00";16.3;84
1592181000;"2020/06/15 02:30:00";13.9;90
1592191800;"2020/06/15 05:30:00";12.6;94
1592202600;"2020/06/15 08:30:00";14.3;94
1592213400;"2020/06/15 11:30:00";16.8;88
1592224200;"2020/06/15 14:30:00";20;80
1592235000;"2020/06/15 17:30:00";18.4;88
1592245800;"2020/06/15 20:30:00";17;91
1592256600;"2020/06/15 23:30:00";14.6;94
1592267400;"2020/06/16 02:30:00";13.7;97
1592278200;"2020/06/16 05:30:00";13.5;97
1592289000;"2020/06/16 08:30:00";14.6;97
1592299800;"2020/06/16 11:30:00";18;87
1592310600;"2020/06/16 14:30:00";20;81
1592321400;"2020/06/16 17:30:00";19.1;84
1592332200;"2020/06/16 20:30:00";17.7;82
1592343000;"2020/06/16 23:30:00";14.9;90
1592353800;"2020/06/17 02:30:00";13.8;95
1592364600;"2020/06/17 05:30:00";13.5;96
1592375400;"2020/06/17 08:30:00";14.2;96
1592386200;"2020/06/17 11:30:00";16.6;87
1592397000;"2020/06/17 14:30:00";18.5;80
1592407800;"2020/06/17 17:30:00";18.2;82
1592418600;"2020/06/17 20:30:00";17.6;80
1592429400;"2020/06/17 23:30:00";14.7;89
1592440200;"2020/06/18 02:30:00";13.5;93
1592451000;"2020/06/18 05:30:00";12.5;95
1592461800;"2020/06/18 08:30:00";13.7;96
1592472600;"2020/06/18 11:30:00";16.1;89
1592483400;"2020/06/18 14:30:00";19.5;76
1592494200;"2020/06/18 17:30:00";17.2;89
1592505000;"2020/06/18 20:30:00";15.2;100
1592515800;"2020/06/18 23:30:00";13.7;100
1592526600;"2020/06/19 02:30:00";13.2;100
1592537400;"2020/06/19 05:30:00";12.6;100
1592548200;"2020/06/19 08:30:00";13.7;100
1592559000;"2020/06/19 11:30:00";16.1;100
1592569800;"2020/06/19 14:30:00";17.9;99
1592580600;"2020/06/19 17:30:00";18.7;97
1592591400;"2020/06/19 20:30:00";18.2;84
1592602200;"2020/06/19 23:30:00";15.7;91
1592613000;"2020/06/20 02:30:00";14.3;94
1592623800;"2020/06/20 05:30:00";13.6;96
1592634600;"2020/06/20 08:30:00";14.9;96
1592645400;"2020/06/20 11:30:00";19.4;83
1592656200;"2020/06/20 14:30:00";22.5;67
1592667000;"2020/06/20 17:30:00";22.1;65
1592677800;"2020/06/20 20:30:00";21;66
1592688600;"2020/06/20 23:30:00";16.7;81
1592699400;"2020/06/21 02:30:00";14.1;89
1592710200;"2020/06/21 05:30:00";13.5;93
1592721000;"2020/06/21 08:30:00";15.3;93
1592731800;"2020/06/21 11:30:00";18.3;85
1592742600;"2020/06/21 14:30:00";19.7;83
1592753400;"2020/06/21 17:30:00";20.9;82
1592764200;"2020/06/21 20:30:00";20.1;86
1592775000;"2020/06/21 23:30:00";18.2;91
1592785800;"2020/06/22 02:30:00";17;93
1592796600;"2020/06/22 05:30:00";14.9;94
1592807400;"2020/06/22 08:30:00";15.8;88
1592818200;"2020/06/22 11:30:00";19.8;71
1592829000;"2020/06/22 14:30:00";23.1;60
1592839800;"2020/06/22 17:30:00";23.9;54
1592850600;"2020/06/22 20:30:00";22;58
1592861400;"2020/06/22 23:30:00";18.3;71
1592872200;"2020/06/23 02:30:00";14.9;80
1592883000;"2020/06/23 05:30:00";13.2;85
1592893800;"2020/06/23 08:30:00";16.4;84
1592904600;"2020/06/23 11:30:00";23.1;63
1592915400;"2020/06/23 14:30:00";27.3;51
1592926200;"2020/06/23 17:30:00";28.6;46
1592937000;"2020/06/23 20:30:00";26.6;49
1592947800;"2020/06/23 23:30:00";22.3;58
1592958600;"2020/06/24 02:30:00";19.8;68
1592969400;"2020/06/24 05:30:00";17.1;78
1592980200;"2020/06/24 08:30:00";19.7;76
1592991000;"2020/06/24 11:30:00";26.5;62
1593001800;"2020/06/24 14:30:00";31.4;47
1593012600;"2020/06/24 17:30:00";31.8;44
1593023400;"2020/06/24 20:30:00";29.7;48
1593034200;"2020/06/24 23:30:00";25.6;59
1593045000;"2020/06/25 02:30:00";22.7;66
1593055800;"2020/06/25 05:30:00";20.8;71
1593066600;"2020/06/25 08:30:00";22.1;73
1593077400;"2020/06/25 11:30:00";28.6;63
1593088200;"2020/06/25 14:30:00";32.4;52
1593099000;"2020/06/25 17:30:00";32.7;49
1593109800;"2020/06/25 20:30:00";30.7;55
1593120600;"2020/06/25 23:30:00";25.7;70
1593131400;"2020/06/26 02:30:00";23.4;75
1593142200;"2020/06/26 05:30:00";21.7;82
1593153000;"2020/06/26 08:30:00";20.6;94
1593163800;"2020/06/26 11:30:00";23.3;89
1593174600;"2020/06/26 14:30:00";28.4;68
1593185400;"2020/06/26 17:30:00";29.3;60
1593196200;"2020/06/26 20:30:00";27.4;64
1593207000;"2020/06/26 23:30:00";23.1;77
1593217800;"2020/06/27 02:30:00";21;81
1593228600;"2020/06/27 05:30:00";19.4;83
1593239400;"2020/06/27 08:30:00";19;82
1593250200;"2020/06/27 11:30:00";21.3;76
1593261000;"2020/06/27 14:30:00";22.9;71
1593271800;"2020/06/27 17:30:00";23.4;71
1593282600;"2020/06/27 20:30:00";22;78
1593293400;"2020/06/27 23:30:00";19.9;82
1593304200;"2020/06/28 02:30:00";18.1;78
1593315000;"2020/06/28 05:30:00";16.8;81
1593325800;"2020/06/28 08:30:00";16.8;84
1593336600;"2020/06/28 11:30:00";17.3;85
1593347400;"2020/06/28 14:30:00";17.7;85
1593358200;"2020/06/28 17:30:00";18.9;83
1593369000;"2020/06/28 20:30:00";18.6;82
1593379800;"2020/06/28 23:30:00";17;89
1593390600;"2020/06/29 02:30:00";16.3;93
1593401400;"2020/06/29 05:30:00";16.4;95
1593412200;"2020/06/29 08:30:00";16;87
1593423000;"2020/06/29 11:30:00";18.6;69
1593433800;"2020/06/29 14:30:00";20.9;58
1593444600;"2020/06/29 17:30:00";21.6;55
1593455400;"2020/06/29 20:30:00";19.7;59
1593466200;"2020/06/29 23:30:00";17.1;70
1593477000;"2020/06/30 02:30:00";16.7;72
1593487800;"2020/06/30 05:30:00";15.8;75
1593498600;"2020/06/30 08:30:00";16.4;79
1593509400;"2020/06/30 11:30:00";19;72
1593520200;"2020/06/30 14:30:00";20.7;72
1593531000;"2020/06/30 17:30:00";21.2;73
1593541800;"2020/06/30 20:30:00";20.5;76
1593552600;"2020/06/30 23:30:00";19.5;80
1593563400;"2020/07/01 02:30:00";19.2;83
1593574200;"2020/07/01 05:30:00";18.7;86
1593585000;"2020/07/01 08:30:00";19.4;86
1593595800;"2020/07/01 11:30:00";21.6;77
1593606600;"2020/07/01 14:30:00";22.7;73
1593617400;"2020/07/01 17:30:00";23.5;71
1593628200;"2020/07/01 20:30:00";20.5;87
1593639000;"2020/07/01 23:30:00";19;88
1593649800;"2020/07/02 02:30:00";17.7;84
1593660600;"2020/07/02 05:30:00";16.9;86
1593671400;"2020/07/02 08:30:00";17.5;86
1593682200;"2020/07/02 11:30:00";18.2;78
1593693000;"2020/07/02 14:30:00";20.5;66
1593703800;"2020/07/02 17:30:00";21.1;60
1593714600;"2020/07/02 20:30:00";20.1;62
1593725400;"2020/07/02 23:30:00";18.6;67
1593736200;"2020/07/03 02:30:00";17.2;72
1593747000;"2020/07/03 05:30:00";16.2;79
1593757800;"2020/07/03 08:30:00";16.8;77
1593768600;"2020/07/03 11:30:00";19.9;65
1593779400;"2020/07/03 14:30:00";22.1;58
1593790200;"2020/07/03 17:30:00";22.4;56
1593801000;"2020/07/03 20:30:00";21.2;56
1593811800;"2020/07/03 23:30:00";17.1;68
1593822600;"2020/07/04 02:30:00";15;78
1593833400;"2020/07/04 05:30:00";14.1;84
1593844200;"2020/07/04 08:30:00";15.2;85
1593855000;"2020/07/04 11:30:00";20.2;72
1593865800;"2020/07/04 14:30:00";22.5;68
1593876600;"2020/07/04 17:30:00";22.6;70
1593887400;"2020/07/04 20:30:00";22;74
1593898200;"2020/07/04 23:30:00";20.7;79
1593909000;"2020/07/05 02:30:00";19.5;85
1593919800;"2020/07/05 05:30:00";18.4;92
1593930600;"2020/07/05 08:30:00";18.7;95
1593941400;"2020/07/05 11:30:00";20.6;92
1593952200;"2020/07/05 14:30:00";24.3;76
1593963000;"2020/07/05 17:30:00";26.2;66
1593973800;"2020/07/05 20:30:00";24.4;70
1593984600;"2020/07/05 23:30:00";21.5;78
1593995400;"2020/07/06 02:30:00";18.4;72
1594006200;"2020/07/06 05:30:00";15.3;74
1594017000;"2020/07/06 08:30:00";15.3;77
1594027800;"2020/07/06 11:30:00";18.1;65
1594038600;"2020/07/06 14:30:00";21.9;53
1594049400;"2020/07/06 17:30:00";21.8;49
1594060200;"2020/07/06 20:30:00";20.8;48
1594071000;"2020/07/06 23:30:00";17;57
1594081800;"2020/07/07 02:30:00";13.8;69
1594092600;"2020/07/07 05:30:00";11.1;78
1594103400;"2020/07/07 08:30:00";13.3;80
1594114200;"2020/07/07 11:30:00";19.4;62
1594125000;"2020/07/07 14:30:00";23.2;51
1594135800;"2020/07/07 17:30:00";24;46
1594146600;"2020/07/07 20:30:00";22.7;49
1594157400;"2020/07/07 23:30:00";18.6;62
1594168200;"2020/07/08 02:30:00";15.7;71
1594179000;"2020/07/08 05:30:00";13.4;78
1594189800;"2020/07/08 08:30:00";15.7;79
1594200600;"2020/07/08 11:30:00";22;54
1594211400;"2020/07/08 14:30:00";26.5;47
1594222200;"2020/07/08 17:30:00";27.9;49
1594233000;"2020/07/08 20:30:00";26.2;54
1594243800;"2020/07/08 23:30:00";22.1;65
1594254600;"2020/07/09 02:30:00";18.5;76
1594265400;"2020/07/09 05:30:00";16.3;83
1594276200;"2020/07/09 08:30:00";19;83
1594287000;"2020/07/09 11:30:00";26.3;61
1594297800;"2020/07/09 14:30:00";30.6;49
1594308600;"2020/07/09 17:30:00";31.2;45
1594319400;"2020/07/09 20:30:00";28.9;50
1594330200;"2020/07/09 23:30:00";25;58
1594341000;"2020/07/10 02:30:00";21.8;65
1594351800;"2020/07/10 05:30:00";19.5;77
1594362600;"2020/07/10 08:30:00";19.2;81
1594373400;"2020/07/10 11:30:00";20.7;74
1594384200;"2020/07/10 14:30:00";21.8;68
1594395000;"2020/07/10 17:30:00";21.5;61
1594405800;"2020/07/10 20:30:00";21.4;52
1594416600;"2020/07/10 23:30:00";18.1;57
1594427400;"2020/07/11 02:30:00";15;65
1594438200;"2020/07/11 05:30:00";12.5;73
1594449000;"2020/07/11 08:30:00";14.2;75
1594459800;"2020/07/11 11:30:00";19.5;60
1594470600;"2020/07/11 14:30:00";23.3;48
1594481400;"2020/07/11 17:30:00";23.6;43
1594492200;"2020/07/11 20:30:00";22;45
1594503000;"2020/07/11 23:30:00";17.7;57
1594513800;"2020/07/12 02:30:00";15.7;63
1594524600;"2020/07/12 05:30:00";13.9;69
1594535400;"2020/07/12 08:30:00";15.3;71
1594546200;"2020/07/12 11:30:00";21.2;56
1594557000;"2020/07/12 14:30:00";25.3;44
1594567800;"2020/07/12 17:30:00";25.9;40
1594578600;"2020/07/12 20:30:00";24.1;42
1594589400;"2020/07/12 23:30:00";20.6;51
1594600200;"2020/07/13 02:30:00";18.3;58
1594611000;"2020/07/13 05:30:00";15.7;67
1594621800;"2020/07/13 08:30:00";17.2;67
1594632600;"2020/07/13 11:30:00";22.4;54
1594643400;"2020/07/13 14:30:00";26.8;42
1594654200;"2020/07/13 17:30:00";26.9;39
1594665000;"2020/07/13 20:30:00";24.9;41
1594675800;"2020/07/13 23:30:00";21.5;48
1594686600;"2020/07/14 02:30:00";18.7;57
1594697400;"2020/07/14 05:30:00";15.7;66
1594708200;"2020/07/14 08:30:00";17.1;66
1594719000;"2020/07/14 11:30:00";21.9;52
1594729800;"2020/07/14 14:30:00";25.6;45
1594740600;"2020/07/14 17:30:00";24.4;57
1594751400;"2020/07/14 20:30:00";21.5;73
1594762200;"2020/07/14 23:30:00";18.3;93
1594773000;"2020/07/15 02:30:00";17.4;100
1594783800;"2020/07/15 05:30:00";16.7;100
1594794600;"2020/07/15 08:30:00";16;100
1594805400;"2020/07/15 11:30:00";16.6;100
1594816200;"2020/07/15 14:30:00";18.2;100
1594827000;"2020/07/15 17:30:00";20.6;99
1594837800;"2020/07/15 20:30:00";19.9;75
1594848600;"2020/07/15 23:30:00";18.7;76
1594859400;"2020/07/16 02:30:00";17.6;84
1594870200;"2020/07/16 05:30:00";17.1;87
1594881000;"2020/07/16 08:30:00";16.9;87
1594891800;"2020/07/16 11:30:00";18;83
1594902600;"2020/07/16 14:30:00";19;78
1594913400;"2020/07/16 17:30:00";19.6;77
1594924200;"2020/07/16 20:30:00";19.3;80
1594935000;"2020/07/16 23:30:00";18.5;86
1594945800;"2020/07/17 02:30:00";18;83
1594956600;"2020/07/17 05:30:00";17.1;84
1594967400;"2020/07/17 08:30:00";17.4;86
1594978200;"2020/07/17 11:30:00";19.9;77
1594989000;"2020/07/17 14:30:00";22.4;68
1594999800;"2020/07/17 17:30:00";23.6;63
1595010600;"2020/07/17 20:30:00";22.8;63
1595021400;"2020/07/17 23:30:00";18.6;77
1595032200;"2020/07/18 02:30:00";16;85
1595043000;"2020/07/18 05:30:00";14.1;88
1595053800;"2020/07/18 08:30:00";16.4;89
1595064600;"2020/07/18 11:30:00";23.3;71
1595075400;"2020/07/18 14:30:00";27.4;55
1595086200;"2020/07/18 17:30:00";28.1;47
1595097000;"2020/07/18 20:30:00";26.6;48
1595107800;"2020/07/18 23:30:00";21.3;63
1595118600;"2020/07/19 02:30:00";18;71
1595129400;"2020/07/19 05:30:00";16.9;78
1595140200;"2020/07/19 08:30:00";18.1;79
1595151000;"2020/07/19 11:30:00";25.1;61
1595161800;"2020/07/19 14:30:00";29.5;46
1595172600;"2020/07/19 17:30:00";30.5;39
1595183400;"2020/07/19 20:30:00";28.1;42
1595194200;"2020/07/19 23:30:00";23.7;54
1595205000;"2020/07/20 02:30:00";20.7;68
1595215800;"2020/07/20 05:30:00";18.1;76
1595226600;"2020/07/20 08:30:00";18.6;81
1595237400;"2020/07/20 11:30:00";22.6;69
1595248200;"2020/07/20 14:30:00";26.8;56
1595259000;"2020/07/20 17:30:00";27.3;51
1595269800;"2020/07/20 20:30:00";25.5;52
1595280600;"2020/07/20 23:30:00";22;55
1595291400;"2020/07/21 02:30:00";19.1;56
1595302200;"2020/07/21 05:30:00";17;64
1595313000;"2020/07/21 08:30:00";16.8;68
1595323800;"2020/07/21 11:30:00";21.6;57
1595334600;"2020/07/21 14:30:00";26;43
1595345400;"2020/07/21 17:30:00";26.7;38
1595356200;"2020/07/21 20:30:00";24.8;40
1595367000;"2020/07/21 23:30:00";21.1;46
1595377800;"2020/07/22 02:30:00";18.5;53
1595388600;"2020/07/22 05:30:00";15.9;66
1595399400;"2020/07/22 08:30:00";16.2;69
1595410200;"2020/07/22 11:30:00";21.6;55
1595421000;"2020/07/22 14:30:00";26.5;40
1595431800;"2020/07/22 17:30:00";26.7;36
1595442600;"2020/07/22 20:30:00";24.8;39
1595453400;"2020/07/22 23:30:00";20;48
1595464200;"2020/07/23 02:30:00";16.4;59
1595475000;"2020/07/23 05:30:00";14.2;68
1595485800;"2020/07/23 08:30:00";16;69
1595496600;"2020/07/23 11:30:00";22.8;51
1595507400;"2020/07/23 14:30:00";26.9;40
1595518200;"2020/07/23 17:30:00";27.4;38
1595529000;"2020/07/23 20:30:00";25.5;43
1595539800;"2020/07/23 23:30:00";23;52
1595550600;"2020/07/24 02:30:00";20.7;55
1595561400;"2020/07/24 05:30:00";18.9;57
1595572200;"2020/07/24 08:30:00";18.4;66
1595583000;"2020/07/24 11:30:00";22.5;60
1595593800;"2020/07/24 14:30:00";25.2;55
1595604600;"2020/07/24 17:30:00";25.9;52
1595615400;"2020/07/24 20:30:00";24.7;54
1595626200;"2020/07/24 23:30:00";20.8;65
1595637000;"2020/07/25 02:30:00";17.1;77
1595647800;"2020/07/25 05:30:00";15.4;84
1595658600;"2020/07/25 08:30:00";17.8;83
1595669400;"2020/07/25 11:30:00";22.3;71
1595680200;"2020/07/25 14:30:00";24.4;60
1595691000;"2020/07/25 17:30:00";23.9;62
1595701800;"2020/07/25 20:30:00";22.3;69
1595712600;"2020/07/25 23:30:00";20.5;78
1595723400;"2020/07/26 02:30:00";19.1;84
1595734200;"2020/07/26 05:30:00";18.5;88
1595745000;"2020/07/26 08:30:00";19;87
1595755800;"2020/07/26 11:30:00";22;69
1595766600;"2020/07/26 14:30:00";25;54
1595777400;"2020/07/26 17:30:00";25.7;47
1595788200;"2020/07/26 20:30:00";23.9;51
1595799000;"2020/07/26 23:30:00";19.2;65
1595809800;"2020/07/27 02:30:00";16.5;74
1595820600;"2020/07/27 05:30:00";15.2;79
1595831400;"2020/07/27 08:30:00";18;77
1595842200;"2020/07/27 11:30:00";25.7;55
1595853000;"2020/07/27 14:30:00";30.6;47
1595863800;"2020/07/27 17:30:00";31.3;46
1595874600;"2020/07/27 20:30:00";28.9;48
1595885400;"2020/07/27 23:30:00";25;62
1595896200;"2020/07/28 02:30:00";22.9;73
1595907000;"2020/07/28 05:30:00";20.7;77
1595917800;"2020/07/28 08:30:00";20.3;77
1595928600;"2020/07/28 11:30:00";22.2;67
1595939400;"2020/07/28 14:30:00";25.5;52
1595950200;"2020/07/28 17:30:00";25.9;46
1595961000;"2020/07/28 20:30:00";23.8;50
1595971800;"2020/07/28 23:30:00";20.4;57
1595982600;"2020/07/29 02:30:00";16.9;67
1595993400;"2020/07/29 05:30:00";13.9;75
1596004200;"2020/07/29 08:30:00";15.9;73
1596015000;"2020/07/29 11:30:00";21.9;57
1596025800;"2020/07/29 14:30:00";25.8;47
1596036600;"2020/07/29 17:30:00";26.4;42
1596047400;"2020/07/29 20:30:00";24.9;44
1596058200;"2020/07/29 23:30:00";20.3;54
1596069000;"2020/07/30 02:30:00";17;63
1596079800;"2020/07/30 05:30:00";15.5;67
1596090600;"2020/07/30 08:30:00";17.6;65
1596101400;"2020/07/30 11:30:00";26.7;45
1596112200;"2020/07/30 14:30:00";31.7;37
1596123000;"2020/07/30 17:30:00";32.4;36
1596133800;"2020/07/30 20:30:00";30.8;39
1596144600;"2020/07/30 23:30:00";26.2;43
1596155400;"2020/07/31 02:30:00";22.8;50
1596166200;"2020/07/31 05:30:00";20.8;55
1596177000;"2020/07/31 08:30:00";22.6;59
1596187800;"2020/07/31 11:30:00";31.9;49
1596198600;"2020/07/31 14:30:00";32.9;46
1596209400;"2020/07/31 17:30:00";33.1;47
1596220200;"2020/07/31 20:30:00";32.1;48
1596231000;"2020/07/31 23:30:00";27.8;60
1596241800;"2020/08/01 02:30:00";25.4;66
1596252600;"2020/08/01 05:30:00";22.6;68
1596263400;"2020/08/01 08:30:00";22.2;75
1596274200;"2020/08/01 11:30:00";24.6;71
1596285000;"2020/08/01 14:30:00";27.1;65
1596295800;"2020/08/01 17:30:00";27.7;61
1596306600;"2020/08/01 20:30:00";26;64
1596317400;"2020/08/01 23:30:00";23.1;68
1596328200;"2020/08/02 02:30:00";21;68
1596339000;"2020/08/02 05:30:00";19.3;73
1596349800;"2020/08/02 08:30:00";18.5;76
1596360600;"2020/08/02 11:30:00";20.9;65
1596371400;"2020/08/02 14:30:00";24.4;56
1596382200;"2020/08/02 17:30:00";24.9;51
1596393000;"2020/08/02 20:30:00";23;51
1596403800;"2020/08/02 23:30:00";20.4;56
1596414600;"2020/08/03 02:30:00";18.5;61
1596425400;"2020/08/03 05:30:00";16.8;67
1596436200;"2020/08/03 08:30:00";17.1;70
1596447000;"2020/08/03 11:30:00";17.4;80
1596457800;"2020/08/03 14:30:00";20.5;66
1596468600;"2020/08/03 17:30:00";22.8;46
1596479400;"2020/08/03 20:30:00";21.5;49
1596490200;"2020/08/03 23:30:00";18.4;61
1596501000;"2020/08/04 02:30:00";15.9;71
1596511800;"2020/08/04 05:30:00";13.2;78
1596522600;"2020/08/04 08:30:00";14.4;80
1596533400;"2020/08/04 11:30:00";19.9;63
1596544200;"2020/08/04 14:30:00";24.2;48
1596555000;"2020/08/04 17:30:00";24.4;44
1596565800;"2020/08/04 20:30:00";22.3;48
1596576600;"2020/08/04 23:30:00";17.7;62
1596587400;"2020/08/05 02:30:00";14.6;72
1596598200;"2020/08/05 05:30:00";12.6;78
1596609000;"2020/08/05 08:30:00";15.4;74
1596619800;"2020/08/05 11:30:00";24.3;47
1596630600;"2020/08/05 14:30:00";28.7;38
1596641400;"2020/08/05 17:30:00";29.4;36
1596652200;"2020/08/05 20:30:00";26.9;40
1596663000;"2020/08/05 23:30:00";21.4;55
1596673800;"2020/08/06 02:30:00";17.9;65
1596684600;"2020/08/06 05:30:00";15.5;73
1596695400;"2020/08/06 08:30:00";17.2;73
1596706200;"2020/08/06 11:30:00";26.8;47
1596717000;"2020/08/06 14:30:00";32.5;35
1596727800;"2020/08/06 17:30:00";32.9;33
1596738600;"2020/08/06 20:30:00";30.7;37
1596749400;"2020/08/06 23:30:00";25.4;49
1596760200;"2020/08/07 02:30:00";22.1;56
1596771000;"2020/08/07 05:30:00";18.9;65
1596781800;"2020/08/07 08:30:00";20.7;64
1596792600;"2020/08/07 11:30:00";30.3;43
1596803400;"2020/08/07 14:30:00";35.5;33
1596814200;"2020/08/07 17:30:00";35.9;31
1596825000;"2020/08/07 20:30:00";33;34
1596835800;"2020/08/07 23:30:00";27.5;45
1596846600;"2020/08/08 02:30:00";24;55
1596857400;"2020/08/08 05:30:00";21;64
1596868200;"2020/08/08 08:30:00";22.2;64
1596879000;"2020/08/08 11:30:00";30.1;47
1596889800;"2020/08/08 14:30:00";35.9;35
1596900600;"2020/08/08 17:30:00";37.1;31
1596911400;"2020/08/08 20:30:00";34;37
1596922200;"2020/08/08 23:30:00";28.6;48
1596933000;"2020/08/09 02:30:00";24.8;62
1596943800;"2020/08/09 05:30:00";22.9;73
1596954600;"2020/08/09 08:30:00";24.2;75
1596965400;"2020/08/09 11:30:00";30.9;54
1596976200;"2020/08/09 14:30:00";35.3;44
1596987000;"2020/08/09 17:30:00";35.8;41
1596997800;"2020/08/09 20:30:00";30.5;49
1597008600;"2020/08/09 23:30:00";22.1;95
1597019400;"2020/08/10 02:30:00";21.8;99
1597030200;"2020/08/10 05:30:00";20.8;94
1597041000;"2020/08/10 08:30:00";21.6;90
1597051800;"2020/08/10 11:30:00";27.2;71
1597062600;"2020/08/10 14:30:00";32.3;50
1597073400;"2020/08/10 17:30:00";33.1;46
1597084200;"2020/08/10 20:30:00";31.1;51
1597095000;"2020/08/10 23:30:00";27.1;67
1597105800;"2020/08/11 02:30:00";24.1;77
1597116600;"2020/08/11 05:30:00";22;83
1597127400;"2020/08/11 08:30:00";23.4;82
1597138200;"2020/08/11 11:30:00";30.4;62
1597149000;"2020/08/11 14:30:00";33.9;49
1597159800;"2020/08/11 17:30:00";30.2;58
1597170600;"2020/08/11 20:30:00";28.8;62
1597181400;"2020/08/11 23:30:00";24.9;74
1597192200;"2020/08/12 02:30:00";22.9;81
1597203000;"2020/08/12 05:30:00";21.8;82
1597213800;"2020/08/12 08:30:00";22.4;82
1597224600;"2020/08/12 11:30:00";30.1;57
1597235400;"2020/08/12 14:30:00";33.6;46
1597246200;"2020/08/12 17:30:00";31.2;54
1597257000;"2020/08/12 20:30:00";29;62
1597267800;"2020/08/12 23:30:00";26;74
1597278600;"2020/08/13 02:30:00";22.1;93
1597289400;"2020/08/13 05:30:00";19.8;100
1597300200;"2020/08/13 08:30:00";19.7;100
1597311000;"2020/08/13 11:30:00";22.4;100
1597321800;"2020/08/13 14:30:00";22.7;87
1597332600;"2020/08/13 17:30:00";23.3;84
1597343400;"2020/08/13 20:30:00";22.1;87
1597354200;"2020/08/13 23:30:00";20.8;91
1597365000;"2020/08/14 02:30:00";19.7;93
1597375800;"2020/08/14 05:30:00";19.2;95
1597386600;"2020/08/14 08:30:00";19.6;95
1597397400;"2020/08/14 11:30:00";20.2;95
1597408200;"2020/08/14 14:30:00";22;88
1597419000;"2020/08/14 17:30:00";23.4;80
1597429800;"2020/08/14 20:30:00";22.3;82
1597440600;"2020/08/14 23:30:00";20.6;88
1597451400;"2020/08/15 02:30:00";18.5;92
1597462200;"2020/08/15 05:30:00";17;93
1597473000;"2020/08/15 08:30:00";18.3;94
1597483800;"2020/08/15 11:30:00";23;79
1597494600;"2020/08/15 14:30:00";26.9;60
1597505400;"2020/08/15 17:30:00";27.1;54
1597516200;"2020/08/15 20:30:00";25.6;58
1597527000;"2020/08/15 23:30:00";21.8;68
1597537800;"2020/08/16 02:30:00";19.4;77
1597548600;"2020/08/16 05:30:00";18.9;86
1597559400;"2020/08/16 08:30:00";17.9;100
1597570200;"2020/08/16 11:30:00";21;100
1597581000;"2020/08/16 14:30:00";25.6;79
1597591800;"2020/08/16 17:30:00";25.2;63
1597602600;"2020/08/16 20:30:00";22.4;66
1597613400;"2020/08/16 23:30:00";18.5;80
1597624200;"2020/08/17 02:30:00";17.1;87
1597635000;"2020/08/17 05:30:00";16.3;92
1597645800;"2020/08/17 08:30:00";17.1;95
1597656600;"2020/08/17 11:30:00";20.1;86
1597667400;"2020/08/17 14:30:00";22.7;74
1597678200;"2020/08/17 17:30:00";21.4;91
1597689000;"2020/08/17 20:30:00";20.8;76
1597699800;"2020/08/17 23:30:00";17.6;87
1597710600;"2020/08/18 02:30:00";16.6;91
1597721400;"2020/08/18 05:30:00";15.9;93
1597732200;"2020/08/18 08:30:00";16.8;93
1597743000;"2020/08/18 11:30:00";20.9;82
1597753800;"2020/08/18 14:30:00";24;69
1597764600;"2020/08/18 17:30:00";25.1;65
1597775400;"2020/08/18 20:30:00";21.9;80
1597786200;"2020/08/18 23:30:00";19.4;86
1597797000;"2020/08/19 02:30:00";17.9;91
1597807800;"2020/08/19 05:30:00";16.9;94
1597818600;"2020/08/19 08:30:00";17.6;95
1597829400;"2020/08/19 11:30:00";20.7;87
1597840200;"2020/08/19 14:30:00";21.8;88
1597851000;"2020/08/19 17:30:00";23.9;81
1597861800;"2020/08/19 20:30:00";21.9;97
1597872600;"2020/08/19 23:30:00";20.3;99
1597883400;"2020/08/20 02:30:00";19.7;97
1597894200;"2020/08/20 05:30:00";19.6;96
1597905000;"2020/08/20 08:30:00";19.9;96
1597915800;"2020/08/20 11:30:00";26.1;75
1597926600;"2020/08/20 14:30:00";30.5;58
1597937400;"2020/08/20 17:30:00";29.7;57
1597948200;"2020/08/20 20:30:00";27.6;66
1597959000;"2020/08/20 23:30:00";24.2;77
1597969800;"2020/08/21 02:30:00";23.2;79
1597980600;"2020/08/21 05:30:00";19.8;100
1597991400;"2020/08/21 08:30:00";20.2;100
1598002200;"2020/08/21 11:30:00";21.7;100
1598013000;"2020/08/21 14:30:00";25.2;77
1598023800;"2020/08/21 17:30:00";27.1;60
1598034600;"2020/08/21 20:30:00";24.9;65
1598045400;"2020/08/21 23:30:00";22.1;70
1598056200;"2020/08/22 02:30:00";19.5;75
1598067000;"2020/08/22 05:30:00";17.1;84
1598077800;"2020/08/22 08:30:00";17.8;88
1598088600;"2020/08/22 11:30:00";21.8;75
1598099400;"2020/08/22 14:30:00";24.2;62
1598110200;"2020/08/22 17:30:00";24;61
1598121000;"2020/08/22 20:30:00";22.6;63
1598131800;"2020/08/22 23:30:00";20.5;69
1598142600;"2020/08/23 02:30:00";18.8;77
1598153400;"2020/08/23 05:30:00";17;84
1598164200;"2020/08/23 08:30:00";16.8;87
1598175000;"2020/08/23 11:30:00";19.6;73
1598185800;"2020/08/23 14:30:00";22.8;57
1598196600;"2020/08/23 17:30:00";23;54
1598207400;"2020/08/23 20:30:00";21.3;59
1598218200;"2020/08/23 23:30:00";18.6;64
1598229000;"2020/08/24 02:30:00";14.9;76
1598239800;"2020/08/24 05:30:00";14;84
1598250600;"2020/08/24 08:30:00";14.7;84
1598261400;"2020/08/24 11:30:00";19.2;70
1598272200;"2020/08/24 14:30:00";23.1;58
1598283000;"2020/08/24 17:30:00";24;53
1598293800;"2020/08/24 20:30:00";21.7;57
1598304600;"2020/08/24 23:30:00";18;71
1598315400;"2020/08/25 02:30:00";16;79
1598326200;"2020/08/25 05:30:00";15.3;84
1598337000;"2020/08/25 08:30:00";15.7;86
1598347800;"2020/08/25 11:30:00";21.4;71
1598358600;"2020/08/25 14:30:00";27.6;51
1598369400;"2020/08/25 17:30:00";27.9;50
1598380200;"2020/08/25 20:30:00";25.1;66
1598391000;"2020/08/25 23:30:00";21.4;73
1598401800;"2020/08/26 02:30:00";18.8;78
1598412600;"2020/08/26 05:30:00";17.7;82
1598423400;"2020/08/26 08:30:00";17.4;83
1598434200;"2020/08/26 11:30:00";19.7;70
1598445000;"2020/08/26 14:30:00";23.4;58
1598455800;"2020/08/26 17:30:00";24.6;52
1598466600;"2020/08/26 20:30:00";22.4;56
1598477400;"2020/08/26 23:30:00";17.3;69
1598488200;"2020/08/27 02:30:00";13.9;78
1598499000;"2020/08/27 05:30:00";12.8;83
1598509800;"2020/08/27 08:30:00";14;85
1598520600;"2020/08/27 11:30:00";18.3;76
1598531400;"2020/08/27 14:30:00";24.4;58
1598542200;"2020/08/27 17:30:00";25.8;55
1598553000;"2020/08/27 20:30:00";23.3;73
1598563800;"2020/08/27 23:30:00";18.1;100
1598574600;"2020/08/28 02:30:00";16.5;100
1598585400;"2020/08/28 05:30:00";14.9;100
1598596200;"2020/08/28 08:30:00";15.3;100
1598607000;"2020/08/28 11:30:00";18;100
1598617800;"2020/08/28 14:30:00";20.2;100
1598628600;"2020/08/28 17:30:00";21.5;68
1598639400;"2020/08/28 20:30:00";17.5;82
1598650200;"2020/08/28 23:30:00";14;98
1598661000;"2020/08/29 02:30:00";13;95
1598671800;"2020/08/29 05:30:00";12;96
1598682600;"2020/08/29 08:30:00";12.9;97
1598693400;"2020/08/29 11:30:00";16;90
1598704200;"2020/08/29 14:30:00";18.5;75
1598715000;"2020/08/29 17:30:00";18.1;77
1598725800;"2020/08/29 20:30:00";16.6;81
1598736600;"2020/08/29 23:30:00";15;84
1598747400;"2020/08/30 02:30:00";13.7;88
1598758200;"2020/08/30 05:30:00";12.7;90
1598769000;"2020/08/30 08:30:00";12.2;93
1598779800;"2020/08/30 11:30:00";14.2;96
1598790600;"2020/08/30 14:30:00";16.7;94
1598801400;"2020/08/30 17:30:00";16.5;100
1598812200;"2020/08/30 20:30:00";16.1;100
1598823000;"2020/08/30 23:30:00";15.3;100
1598833800;"2020/08/31 02:30:00";14.8;100
1598844600;"2020/08/31 05:30:00";13.2;100
1598855400;"2020/08/31 08:30:00";13.2;100
1598866200;"2020/08/31 11:30:00";16.7;87
1598877000;"2020/08/31 14:30:00";18.4;70
1598887800;"2020/08/31 17:30:00";19.1;65
1598898600;"2020/08/31 20:30:00";17.9;65
1598909400;"2020/08/31 23:30:00";15.5;76
1598920200;"2020/09/01 02:30:00";14.6;78
1598931000;"2020/09/01 05:30:00";12.9;84
1598941800;"2020/09/01 08:30:00";12.9;87
1598952600;"2020/09/01 11:30:00";17.9;71
1598963400;"2020/09/01 14:30:00";20.8;54
1598974200;"2020/09/01 17:30:00";20.2;56
1598985000;"2020/09/01 20:30:00";18.3;60
1598995800;"2020/09/01 23:30:00";14.3;72
1599006600;"2020/09/02 02:30:00";12.2;80
1599017400;"2020/09/02 05:30:00";10.9;84
1599028200;"2020/09/02 08:30:00";12;84
1599039000;"2020/09/02 11:30:00";18.1;70
1599049800;"2020/09/02 14:30:00";21.2;55
1599060600;"2020/09/02 17:30:00";21.5;52
1599071400;"2020/09/02 20:30:00";19.3;58
1599082200;"2020/09/02 23:30:00";16.2;72
1599093000;"2020/09/03 02:30:00";15.7;79
1599103800;"2020/09/03 05:30:00";14.3;83
1599114600;"2020/09/03 08:30:00";14;85
1599125400;"2020/09/03 11:30:00";21.3;66
1599136200;"2020/09/03 14:30:00";25.6;52
1599147000;"2020/09/03 17:30:00";26.2;50
1599157800;"2020/09/03 20:30:00";23.3;57
1599168600;"2020/09/03 23:30:00";18.7;71
1599179400;"2020/09/04 02:30:00";15.5;82
1599190200;"2020/09/04 05:30:00";13.8;86
1599201000;"2020/09/04 08:30:00";14.5;88
1599211800;"2020/09/04 11:30:00";22.2;69
1599222600;"2020/09/04 14:30:00";27.9;48
1599233400;"2020/09/04 17:30:00";28.5;42
1599244200;"2020/09/04 20:30:00";25.2;47
1599255000;"2020/09/04 23:30:00";21.1;68
1599265800;"2020/09/05 02:30:00";19;82
1599276600;"2020/09/05 05:30:00";17.4;85
1599287400;"2020/09/05 08:30:00";17.1;79
1599298200;"2020/09/05 11:30:00";17.5;79
1599309000;"2020/09/05 14:30:00";18.1;76
1599319800;"2020/09/05 17:30:00";19.2;68
1599330600;"2020/09/05 20:30:00";18.3;68
1599341400;"2020/09/05 23:30:00";16.3;68
1599352200;"2020/09/06 02:30:00";14.3;72
1599363000;"2020/09/06 05:30:00";13.3;77
1599373800;"2020/09/06 08:30:00";12.8;81
1599384600;"2020/09/06 11:30:00";16.4;72
1599395400;"2020/09/06 14:30:00";17.5;67
1599406200;"2020/09/06 17:30:00";18.2;63
1599417000;"2020/09/06 20:30:00";16.8;67
1599427800;"2020/09/06 23:30:00";13.6;75
1599438600;"2020/09/07 02:30:00";11.4;81
1599449400;"2020/09/07 05:30:00";10.3;85
1599460200;"2020/09/07 08:30:00";10.7;88
1599471000;"2020/09/07 11:30:00";16.9;75
1599481800;"2020/09/07 14:30:00";20.9;56
1599492600;"2020/09/07 17:30:00";21.3;51
1599503400;"2020/09/07 20:30:00";19.4;56
1599514200;"2020/09/07 23:30:00";15.1;68
1599525000;"2020/09/08 02:30:00";12.9;76
1599535800;"2020/09/08 05:30:00";11.2;81
1599546600;"2020/09/08 08:30:00";11.4;85
1599557400;"2020/09/08 11:30:00";16.7;75
1599568200;"2020/09/08 14:30:00";20.8;60
1599579000;"2020/09/08 17:30:00";22.5;56
1599589800;"2020/09/08 20:30:00";20.8;63
1599600600;"2020/09/08 23:30:00";17.1;75
1599611400;"2020/09/09 02:30:00";16.5;79
1599622200;"2020/09/09 05:30:00";14.6;86
1599633000;"2020/09/09 08:30:00";15.6;88
1599643800;"2020/09/09 11:30:00";21.3;74
1599654600;"2020/09/09 14:30:00";25.6;63
1599665400;"2020/09/09 17:30:00";26;57
1599676200;"2020/09/09 20:30:00";24.9;60
1599687000;"2020/09/09 23:30:00";22.1;60
1599697800;"2020/09/10 02:30:00";19.9;70
1599708600;"2020/09/10 05:30:00";17.9;78
1599719400;"2020/09/10 08:30:00";17.1;85
1599730200;"2020/09/10 11:30:00";20.8;81
1599741000;"2020/09/10 14:30:00";25.7;63
1599751800;"2020/09/10 17:30:00";25.7;60
1599762600;"2020/09/10 20:30:00";23.5;66
1599773400;"2020/09/10 23:30:00";19.8;75
1599784200;"2020/09/11 02:30:00";18.1;78
1599795000;"2020/09/11 05:30:00";16.1;83
1599805800;"2020/09/11 08:30:00";15.7;87
1599816600;"2020/09/11 11:30:00";22.9;74
1599827400;"2020/09/11 14:30:00";26.6;59
1599838200;"2020/09/11 17:30:00";26.5;53
1599849000;"2020/09/11 20:30:00";24;61
1599859800;"2020/09/11 23:30:00";19.9;70
1599870600;"2020/09/12 02:30:00";17.7;73
1599881400;"2020/09/12 05:30:00";15.1;81
1599892200;"2020/09/12 08:30:00";14.3;85
1599903000;"2020/09/12 11:30:00";19.1;74
1599913800;"2020/09/12 14:30:00";23.3;61
1599924600;"2020/09/12 17:30:00";23.7;55
1599935400;"2020/09/12 20:30:00";20.7;60
1599946200;"2020/09/12 23:30:00";16;73
1599957000;"2020/09/13 02:30:00";13.3;79
1599967800;"2020/09/13 05:30:00";11.6;83
1599978600;"2020/09/13 08:30:00";12.2;85
1599989400;"2020/09/13 11:30:00";21.2;65
1600000200;"2020/09/13 14:30:00";26.8;47
1600011000;"2020/09/13 17:30:00";26.7;42
1600021800;"2020/09/13 20:30:00";23.3;49
1600032600;"2020/09/13 23:30:00";18.1;61
1600043400;"2020/09/14 02:30:00";16.8;66
1600054200;"2020/09/14 05:30:00";15.3;71
1600065000;"2020/09/14 08:30:00";15.6;73
1600075800;"2020/09/14 11:30:00";25.1;57
1600086600;"2020/09/14 14:30:00";32.9;40
1600097400;"2020/09/14 17:30:00";32.9;37
1600108200;"2020/09/14 20:30:00";27.9;48
1600119000;"2020/09/14 23:30:00";21.8;62
1600129800;"2020/09/15 02:30:00";18.8;72
1600140600;"2020/09/15 05:30:00";17.2;76
1600151400;"2020/09/15 08:30:00";17.4;77
1600162200;"2020/09/15 11:30:00";27.1;54
1600173000;"2020/09/15 14:30:00";32.5;41
1600183800;"2020/09/15 17:30:00";31.9;39
1600194600;"2020/09/15 20:30:00";27;48
1600205400;"2020/09/15 23:30:00";21.6;62
1600216200;"2020/09/16 02:30:00";19.1;74
1600227000;"2020/09/16 05:30:00";17.4;78
1600237800;"2020/09/16 08:30:00";17.2;82
1600248600;"2020/09/16 11:30:00";21.2;75
1600259400;"2020/09/16 14:30:00";26.1;64
1600270200;"2020/09/16 17:30:00";28.3;55
1600281000;"2020/09/16 20:30:00";26;60
1600291800;"2020/09/16 23:30:00";22.4;69
1600302600;"2020/09/17 02:30:00";20.8;74
1600313400;"2020/09/17 05:30:00";19.9;74
1600324200;"2020/09/17 08:30:00";19.3;77
1600335000;"2020/09/17 11:30:00";23;67
1600345800;"2020/09/17 14:30:00";27.5;54
1600356600;"2020/09/17 17:30:00";27.6;47
1600367400;"2020/09/17 20:30:00";24.7;50
1600378200;"2020/09/17 23:30:00";21;49
1600389000;"2020/09/18 02:30:00";18.7;60
1600399800;"2020/09/18 05:30:00";17.1;72
1600410600;"2020/09/18 08:30:00";17;77
1600421400;"2020/09/18 11:30:00";22.5;68
1600432200;"2020/09/18 14:30:00";27.9;56
1600443000;"2020/09/18 17:30:00";28.7;53
1600453800;"2020/09/18 20:30:00";26.3;57
1600464600;"2020/09/18 23:30:00";24;62
1600475400;"2020/09/19 02:30:00";23;66
1600486200;"2020/09/19 05:30:00";20.4;85
1600497000;"2020/09/19 08:30:00";19.5;93
1600507800;"2020/09/19 11:30:00";22.3;85
1600518600;"2020/09/19 14:30:00";27.3;63
1600529400;"2020/09/19 17:30:00";27.3;56
1600540200;"2020/09/19 20:30:00";23.9;70
1600551000;"2020/09/19 23:30:00";19.2;99
1600561800;"2020/09/20 02:30:00";17.7;100
1600572600;"2020/09/20 05:30:00";17.2;100
1600583400;"2020/09/20 08:30:00";17.7;100
1600594200;"2020/09/20 11:30:00";19.6;99
1600605000;"2020/09/20 14:30:00";22.5;86
1600615800;"2020/09/20 17:30:00";23.5;80
1600626600;"2020/09/20 20:30:00";21.6;88
1600637400;"2020/09/20 23:30:00";20.1;92
1600648200;"2020/09/21 02:30:00";18.3;93
1600659000;"2020/09/21 05:30:00";17.3;94
1600669800;"2020/09/21 08:30:00";16.7;93
1600680600;"2020/09/21 11:30:00";20.6;73
1600691400;"2020/09/21 14:30:00";24.6;53
1600702200;"2020/09/21 17:30:00";24.7;45
1600713000;"2020/09/21 20:30:00";21.3;57
1600723800;"2020/09/21 23:30:00";16.3;67
1600734600;"2020/09/22 02:30:00";13.4;78
1600745400;"2020/09/22 05:30:00";11.2;84
1600756200;"2020/09/22 08:30:00";11.1;87
1600767000;"2020/09/22 11:30:00";17.4;72
1600777800;"2020/09/22 14:30:00";22.7;53
1600788600;"2020/09/22 17:30:00";23;61
1600799400;"2020/09/22 20:30:00";19.1;81
1600810200;"2020/09/22 23:30:00";17.2;89
1600821000;"2020/09/23 02:30:00";16.4;91
1600831800;"2020/09/23 05:30:00";15.4;93
1600842600;"2020/09/23 08:30:00";15.6;96
1600853400;"2020/09/23 11:30:00";19.1;88
1600864200;"2020/09/23 14:30:00";22.5;70
1600875000;"2020/09/23 17:30:00";22.9;64
1600885800;"2020/09/23 20:30:00";17.9;97
1600896600;"2020/09/23 23:30:00";16.2;100
1600907400;"2020/09/24 02:30:00";13.3;100
1600918200;"2020/09/24 05:30:00";11.8;100
1600929000;"2020/09/24 08:30:00";11.4;100
1600939800;"2020/09/24 11:30:00";16;100
1600950600;"2020/09/24 14:30:00";17.3;100
1600961400;"2020/09/24 17:30:00";16.2;98
1600972200;"2020/09/24 20:30:00";13.4;98
1600983000;"2020/09/24 23:30:00";11.5;100
1600993800;"2020/09/25 02:30:00";9.8;100
1601004600;"2020/09/25 05:30:00";9.4;100
1601015400;"2020/09/25 08:30:00";10;100
1601026200;"2020/09/25 11:30:00";12.3;100
1601037000;"2020/09/25 14:30:00";12;100
1601047800;"2020/09/25 17:30:00";11.7;100
1601058600;"2020/09/25 20:30:00";11.7;100
1601069400;"2020/09/25 23:30:00";10.3;100
1601080200;"2020/09/26 02:30:00";9.8;100
1601091000;"2020/09/26 05:30:00";8.7;100
1601101800;"2020/09/26 08:30:00";8.8;100
1601112600;"2020/09/26 11:30:00";11.3;100
1601123400;"2020/09/26 14:30:00";13.6;100
1601134200;"2020/09/26 17:30:00";13.8;80
1601145000;"2020/09/26 20:30:00";12.3;69
1601155800;"2020/09/26 23:30:00";11.2;81
1601166600;"2020/09/27 02:30:00";11;88
1601177400;"2020/09/27 05:30:00";10.1;98
1601188200;"2020/09/27 08:30:00";9.6;100
1601199000;"2020/09/27 11:30:00";9.7;100
1601209800;"2020/09/27 14:30:00";10.7;100
1601220600;"2020/09/27 17:30:00";11.8;100
1601231400;"2020/09/27 20:30:00";12.1;100
1601242200;"2020/09/27 23:30:00";12.3;100
1601253000;"2020/09/28 02:30:00";12.1;100
1601263800;"2020/09/28 05:30:00";11.7;100
1601274600;"2020/09/28 08:30:00";11.7;100
1601285400;"2020/09/28 11:30:00";12.2;100
1601296200;"2020/09/28 14:30:00";12.8;100
1601307000;"2020/09/28 17:30:00";13.8;100
1601317800;"2020/09/28 20:30:00";13.3;100
1601328600;"2020/09/28 23:30:00";10.5;100
1601339400;"2020/09/29 02:30:00";10.4;100
1601350200;"2020/09/29 05:30:00";11;100
1601361000;"2020/09/29 08:30:00";12.4;100
1601371800;"2020/09/29 11:30:00";14.4;100
1601382600;"2020/09/29 14:30:00";17.4;96
1601393400;"2020/09/29 17:30:00";18.2;86
1601404200;"2020/09/29 20:30:00";16.9;91
1601415000;"2020/09/29 23:30:00";15.6;95
1601425800;"2020/09/30 02:30:00";15;97
1601436600;"2020/09/30 05:30:00";14.6;98
1601447400;"2020/09/30 08:30:00";14.4;99
1601458200;"2020/09/30 11:30:00";16.8;95
1601469000;"2020/09/30 14:30:00";18.9;82
1601479800;"2020/09/30 17:30:00";18.1;84
1601490600;"2020/09/30 20:30:00";16.3;89
1601501400;"2020/09/30 23:30:00";15.2;91
1601512200;"2020/10/01 02:30:00";14.5;92
1601523000;"2020/10/01 05:30:00";13.5;97
1601533800;"2020/10/01 08:30:00";13.2;100
1601544600;"2020/10/01 11:30:00";13.1;100
1601555400;"2020/10/01 14:30:00";13.9;100
1601566200;"2020/10/01 17:30:00";13.9;100
1601577000;"2020/10/01 20:30:00";12.8;100
1601587800;"2020/10/01 23:30:00";11.6;100
1601598600;"2020/10/02 02:30:00";11.9;100
1601609400;"2020/10/02 05:30:00";11.8;100
1601620200;"2020/10/02 08:30:00";12.2;100
1601631000;"2020/10/02 11:30:00";12.1;100
1601641800;"2020/10/02 14:30:00";12.4;100
1601652600;"2020/10/02 17:30:00";12.1;100
1601663400;"2020/10/02 20:30:00";11.1;100
1601674200;"2020/10/02 23:30:00";10.6;100
1601685000;"2020/10/03 02:30:00";9.3;100
1601695800;"2020/10/03 05:30:00";8;100
1601706600;"2020/10/03 08:30:00";8;100
1601717400;"2020/10/03 11:30:00";10.5;100
1601728200;"2020/10/03 14:30:00";12.1;100
1601739000;"2020/10/03 17:30:00";11.8;100
1601749800;"2020/10/03 20:30:00";11;100
1601760600;"2020/10/03 23:30:00";10.6;100
1601771400;"2020/10/04 02:30:00";9.7;100
1601782200;"2020/10/04 05:30:00";8.1;100
1601793000;"2020/10/04 08:30:00";8.5;100
1601803800;"2020/10/04 11:30:00";11;100
1601814600;"2020/10/04 14:30:00";14.2;100
1601825400;"2020/10/04 17:30:00";13.8;93
1601836200;"2020/10/04 20:30:00";11.7;93
1601847000;"2020/10/04 23:30:00";11.1;96
1601857800;"2020/10/05 02:30:00";11.3;96
1601868600;"2020/10/05 05:30:00";10.4;100
1601879400;"2020/10/05 08:30:00";10.5;100
1601890200;"2020/10/05 11:30:00";11.6;100
1601901000;"2020/10/05 14:30:00";12.6;100
1601911800;"2020/10/05 17:30:00";12.3;100
1601922600;"2020/10/05 20:30:00";12;100
1601933400;"2020/10/05 23:30:00";11.5;100
1601944200;"2020/10/06 02:30:00";11.1;100
1601955000;"2020/10/06 05:30:00";11.7;100
1601965800;"2020/10/06 08:30:00";12.4;100
1601976600;"2020/10/06 11:30:00";13.1;100
1601987400;"2020/10/06 14:30:00";14.7;100
1601998200;"2020/10/06 17:30:00";14.6;100
1602009000;"2020/10/06 20:30:00";13.5;99
1602019800;"2020/10/06 23:30:00";13.1;92
1602030600;"2020/10/07 02:30:00";12.3;93
1602041400;"2020/10/07 05:30:00";12.2;94
1602052200;"2020/10/07 08:30:00";12.1;95
1602063000;"2020/10/07 11:30:00";13.7;93
1602073800;"2020/10/07 14:30:00";14.9;88
1602084600;"2020/10/07 17:30:00";15.5;85
1602095400;"2020/10/07 20:30:00";14.1;89
1602106200;"2020/10/07 23:30:00";13.3;92
1602117000;"2020/10/08 02:30:00";13.5;95
1602127800;"2020/10/08 05:30:00";13.5;99
1602138600;"2020/10/08 08:30:00";13.8;100
1602149400;"2020/10/08 11:30:00";15.8;96
1602160200;"2020/10/08 14:30:00";18.1;82
1602171000;"2020/10/08 17:30:00";17.4;83
1602181800;"2020/10/08 20:30:00";15.9;87
1602192600;"2020/10/08 23:30:00";14.3;91
1602203400;"2020/10/09 02:30:00";14;93
1602214200;"2020/10/09 05:30:00";13.9;94
1602225000;"2020/10/09 08:30:00";13.8;96
1602235800;"2020/10/09 11:30:00";14.9;98
1602246600;"2020/10/09 14:30:00";15.6;99
1602257400;"2020/10/09 17:30:00";15.2;99
1602268200;"2020/10/09 20:30:00";13.5;100
1602279000;"2020/10/09 23:30:00";11.5;100
1602289800;"2020/10/10 02:30:00";10.4;99
1602300600;"2020/10/10 05:30:00";9.7;99
1602311400;"2020/10/10 08:30:00";9.6;99
1602322200;"2020/10/10 11:30:00";12.4;92
1602333000;"2020/10/10 14:30:00";14;77
1602343800;"2020/10/10 17:30:00";13.3;72
1602354600;"2020/10/10 20:30:00";10.5;82
1602365400;"2020/10/10 23:30:00";7.7;90
1602376200;"2020/10/11 02:30:00";7.9;94
1602387000;"2020/10/11 05:30:00";9;96
1602397800;"2020/10/11 08:30:00";9.4;97
1602408600;"2020/10/11 11:30:00";10.9;97
1602419400;"2020/10/11 14:30:00";13.2;82
1602430200;"2020/10/11 17:30:00";13.2;78
1602441000;"2020/10/11 20:30:00";11.1;86
1602451800;"2020/10/11 23:30:00";9.3;91
1602462600;"2020/10/12 02:30:00";6.9;94
1602473400;"2020/10/12 05:30:00";6.1;95
1602484200;"2020/10/12 08:30:00";4.9;96
1602495000;"2020/10/12 11:30:00";8.8;97
1602505800;"2020/10/12 14:30:00";11.6;89
1602516600;"2020/10/12 17:30:00";11.8;85
1602527400;"2020/10/12 20:30:00";10.7;92
